ID,WILLAYA_ID,COMMUNE_ID,COMMUNE,COMMUNE_ARABIC,RISK,CAPITAL_ASSURE
1,1,01,ADRAR,أدرار,0.5,338240000.0
2,1,02,TAMEST,تأماست,0.5,3000000.0
3,1,03,CHAROUINE,شروين,0.5,0.0
4,1,04,REGGANE,رقان,0.5,0.0
5,1,05,IN ZGHMIR,ان زغمير,0.5,1100000.0
6,1,06,TIT,تيت,0.5,0.0
7,1,07,KSAR KADDOUR,قصر قدور,0.5,0.0
8,1,08,TSABIT,تسابيت,0.5,0.0
9,1,09,TIMIMOUN,تيميمون,0.5,0.0
10,1,10,OULED SAID,أولاد السعيد,0.5,0.0
11,1,11,ZAOUIET- KOUNTA,زاوية كنتة,0.5,0.0
12,1,12,AOULEF,أولف,0.5,1000000.0
13,1,13,TIMOKTEN,تمقتن,0.5,0.0
14,1,14,TAMENTIT,تامنطيت,0.5,0.0
15,1,15,FENOUGHIL,فنوغيل,0.5,0.0
16,1,16,TINERKOUK,تنيركوك,0.5,0.0
17,1,17,DELDOUL,دلدول,0.5,0.0
18,1,18,SALI,سالى,0.5,0.0
19,1,19,AKABLI,أقبلى,0.5,0.0
20,1,20,METARFA,الطارفة,0.5,2000000.0
21,1,21,OULED AHMED TIMMI,أولاد أحمد تيمى,0.5,0.0
22,1,22,BOUDA,بودة,0.5,0.0
23,1,23,AOUGROUT,أوقرت,0.5,0.0
24,1,24,TALMINE,طالمين,0.5,1000000.0
25,1,25,BORDJ BADJI MOKHTAR,برج باجى مختار,0.5,0.0
26,1,26,SBAA,السبع,0.5,0.0
27,1,27,OULED AISSA,أولاد عيسى,0.5,0.0
28,1,28,TIMIAOUINE,تيمياوين,0.5,0.0
29,2,01,CHLEF,الشلف,4,338240000.0
30,2,02,TENES,تنس,4,3000000.0
31,2,03,BENAIRIA,بنايرية,4,0.0
32,2,04,EL KARIMIA,الكريمية,3,0.0
33,2,05,TADJNA,تأجنة,4,1100000.0
34,2,06,TAOUGRIT,تاوقريت,4,0.0
35,2,07,BENI HAOUA,بنى حواء,4,0.0
36,2,08,SOBHA,صبحة,4,0.0
37,2,09,HARCHOUN,حرشون,3,0.0
38,2,10,OULED FARES,أولاد فارس,4,0.0
39,2,11,SIDI AKKACHA,سيدى عكاشة,4,0.0
40,2,12,BOUKADIR,بوقادير,3,1000000.0
41,2,13,BENI RACHED,بنى راشد,4,0.0
42,2,14,TALASSA,تلعصة,4,0.0
43,2,15,HARENFA,الھرنفة,4,0.0
44,2,16,OUED GOUSINE,وادى قوسين,4,0.0
45,2,17,DAHRA,الظھرة,4,0.0
46,2,18,OULED ABBES,أولاد عباس,4,0.0
47,2,19,SENDJAS,السنجاس,3,0.0
48,2,20,ZEBOUDJA,الزبوجة,4,2000000.0
49,2,21,OUED SLY,وادى سلى,3,0.0
50,2,22,ABOU EL HASSEN,أبو الحسن,4,0.0
51,2,23,EL MARSA,المرسى,4,0.0
52,2,24,CHETTIA,الشطية,4,1000000.0
53,2,25,SIDI ABDERRAHMANE,سيدي عبد الرحمان,4,0.0
54,2,26,MOUSSADEK,مصدق,4,0.0
55,2,27,EL HADJADJ,الحجاج,2,0.0
56,2,28,LABIOD MEDJADJA,الابيض مجاجة,4,0.0
57,2,29,OUED FODDA,وادى الفضة,4,129780000.0
58,2,30,OULED BEN.AEK,أولاد بن عبد القادر,2,7000000.0
59,2,31,BOUZGHAIA,بوزغاية,4,0.0
60,2,32,AIN MERANE,عين مران,4,43920000.0
61,2,33,OUM DROU,أم الذروع,4,9836000.0
62,2,34,BREIRA,بريرة,4,778649693.05
63,2,35,BENI BOUATEB,بنى بوعتاب,4,16039550.0
64,3,01,LAGHOUAT,الأغواط,1,338240000.0
65,3,02,KSAR.HIRANE,قصر الحيران,1,3000000.0
66,3,03,MEKHAREG,بن ناصر بن شھرة,1,0.0
67,3,04,SIDI MAKHLOUF,سيدي مخلوف,1,0.0
68,3,05,HASSI DALAA,حاسى دلاع,1,1100000.0
69,3,06,HASSI R'MEL,حاسى الرمل,1,0.0
70,3,07,AIN MAHDI,عين ماضي,1,0.0
71,3,08,TADJEMOUNT,تاجموت,1,0.0
72,3,09,KHENNEG,الخنق,1,0.0
73,3,10,GUELTAT SIDI SAAD,قلتة سيدي سعد,1,0.0
74,3,11,AIN SIDI ALI,عين سيدي على,1,0.0
75,3,12,BEIDHA,بيضاء,1,1000000.0
76,3,13,BRIDA,بريدة,1,0.0
77,3,14,EL GHICHA,الغيشة,1,0.0
78,3,15,HADJ MECHERI,حاج مشري,1,0.0
79,3,16,SEBGAG,سبقاق,1,0.0
80,3,17,TAOUILA,تاويالة,1,0.0
81,3,18,TAJROUNA,تاجرونة,1,0.0
82,3,19,AFLOU,آفلو,1,0.0
83,3,20,EL ASSAFIA,العسفية,1,2000000.0
84,3,21,OUED MORRA,واد مرة,1,0.0
85,3,22,OUED M' ZI,واد مزي,1,0.0
86,3,23,EL HOUITA,الحوايطة,1,0.0
87,3,24,SIDI BOUZID,سيدي بوزيد,1,1000000.0
88,4,01,OUM BOUAGHI,أم البواقي,1,338240000.0
89,4,02,AIN BEIDA,عين البيضاء,1,3000000.0
90,4,03,AIN M'LILA,عين مليلة,1,0.0
91,4,04,BEHIR CHERGUI,بحير الشرقي,1,0.0
92,4,05,EL AMIRIA,العامرية,1,1100000.0
93,4,06,SIGUS,سيقوس,1,0.0
94,4,07,EL BELALA,البلالة,1,0.0
95,4,08,AIN BABOUCHE,عين ببوش,1,0.0
96,4,09,BERRICHE,بريش,1,0.0
97,4,10,OULED HAMLA,أولاد حملة,1,0.0
98,4,11,DHALA,الضلعة,1,0.0
99,4,12,AIN KERCHA,عين كرشة,1,1000000.0
100,4,13,HANCHIR TOUMGHANI,ھنشير تومغانى,1,0.0
101,4,14,EL DJAZIA,الجازية,1,0.0
102,4,15,AIN DISS,عين الديس,1,0.0
103,4,16,F'KIRINA,فكيرينة,1,0.0
104,4,17,SOUK NAAMANE,سوق نعمان,1,0.0
105,4,18,ZORG,الزرق,1,0.0
106,4,19,EL FEDJOUDJ BOUGHARA SAOUDI,الفجوج بوغرارة سعودى,1,0.0
107,4,20,OULED ZOUAI,أولاد الزوى,1,2000000.0
108,4,21,BIR CHOUAHADA,بئر الشھداء,1,0.0
109,4,22,KSAR SBAHI,قصر الصباحى,1,0.0
110,4,23,OUED NINI,وادى نينى,1,0.0
111,4,24,MESKIANA,مسكيانة,1,1000000.0
112,4,25,AIN FAKROUN,عين الفكرون,1,0.0
113,4,26,RAHIA,الراحية,1,0.0
114,4,27,AIN ZITOUN,عين الزيتون,1,0.0
115,4,28,OULED GACEM,أولاد قاسم,1,0.0
116,4,29,EL HARMALIA,الحرملية,1,129780000.0
117,5,01,BATNA,باتنة,1,338240000.0
118,5,02,GHASSIRA,غسيرة,1,3000000.0
119,5,03,MAAFA,معافة,1,0.0
120,5,04,MEROUANA,مروانة,1,0.0
121,5,05,SERIANA,سريانة,1,1100000.0
122,5,06,MENAA,منعة,1,0.0
123,5,07,EL MADHER,المعذر,1,0.0
124,5,08,TAZOULT,تازولت,1,0.0
125,5,09,N'GAOUS,نقاوس,1,0.0
126,5,10,GUIGBA,قيقبة,1,0.0
127,5,11,INOUGHISENE,اينوغيسن,1,0.0
128,5,12,OUYOUN ASSAFIR,عيون العصا فير,1,1000000.0
129,5,13,DJERMA,جرمة,1,0.0
130,5,14,BITAM,بيطام,1,0.0
131,5,15,METKOUAK,المتكوك,1,0.0
132,5,16,ARRIS,أريس,1,0.0
133,5,17,KIMMEL,كيمل,1,0.0
134,5,18,TILATOU,تيلاطو,1,0.0
135,5,19,AIN DJASSER,عين جاسر,1,0.0
136,5,20,OULED SELAM,أولاد سلام,1,2000000.0
137,5,21,TIGHERGHAR,تغرغار,1,0.0
138,5,22,AIN YAGOUT,عين ياقوت,1,0.0
139,5,23,FESDIS,فسديس,1,0.0
140,5,24,SEFIANE,سفيان,1,1000000.0
141,5,25,RAHBAT,الرحبات,1,0.0
142,5,26,TIGHANIMINE,تغانمين,1,0.0
143,5,27,LEMSANE,لمسان,1,0.0
144,5,28,KSAR BELEZMA,قصر بلازمة,1,0.0
145,5,29,SEGGANA,رقانة,1,129780000.0
146,5,30,ICHMOUL,إيشمول,1,7000000.0
147,5,31,FOUM TOUB,فم الطوب,1,0.0
148,5,32,BENI FOUDHALA EL HAKANIA,بنى فضالة الحقانية,1,43920000.0
149,5,33,OUED EL MA,وادى الماء,1,9836000.0
150,5,34,TALAKHAMET,تالخمت,1,778649693.05
151,5,35,BOUZINA,بوزينة,1,16039550.0
152,5,36,CHEMORA,شمرة,1,0.0
153,5,37,OUED CHAABA,وادى الشعبة,1,14421400.0
154,5,38,TAXLENT,تاكسلانت,1,0.0
155,5,39,GOSBAT,القصبات,1,0.0
156,5,40,OULED AOUF,أولاد عوف,1,0.0
157,5,41,BOUMAGUER,بومقر,1,20265000.0
158,5,42,BARIKA,بريكة,1,2145000.0
159,5,43,DJEZZAR,الجزار,1,20620000.0
160,5,44,T'KOUT,تكوت,1,40770000.0
161,5,45,AIN TOUTA,عين التوتة,1,1000000.0
162,5,46,HIDOUSSA,حيدوسة,1,5650000.0
163,5,47,TENIET EL ABED,ثنية العابد,1,124005460.0
164,5,48,OUED TAGA,وادى الطا قة,1,38381120.0
165,5,49,OULED FADHEL,أولاد فاضل,1,436158130.0
166,5,50,TIMGAD,تيمقاد,1,0.0
167,5,51,RAS EL AIOUN,رأس العيون,1,0.0
168,5,52,CHIR,شير,1,6500000.0
169,5,53,OULED SI SLIMANE,أولاد سى سليمان,1,1560000.0
170,5,54,ZANET BEIDA,زانة البيضاء,1,60884800.0
171,5,55,M'DOUKAL,أمدوكل,1,8500000.0
172,5,56,OULED AMAR,أولاد عمار,1,21225000.0
173,5,57,EL HASSI,الحاسى,1,0.0
174,5,58,LAZROU,لازرو,1,0.0
175,5,59,BOUMIA,بومية,1,49726900.0
176,5,60,BOULHILET,بوالحيلات,1,0.0
177,5,61,LARBAA,لرباع,1,4500000.0
178,6,01,BEJAIA,بجاية,2,338240000.0
179,6,02,AMIZOUR,أميزور,2,3000000.0
180,6,03,FERRAOUN,فرعون,2,0.0
181,6,04,TAOURIRT IGHIL,تأوريرت اغيل,2,0.0
182,6,05,CHELLATA,شلاطة,2,1100000.0
183,6,06,TAMOKRA,تامقرة,2,0.0
184,6,07,TIMEZRIT,تيمزريت,2,0.0
185,6,08,SOUK EL TENINE,سوق الاثنين,2,0.0
186,6,09,M'CISNA,مكيسنة,2,0.0
187,6,10,TINEBDAR,تينبذار,2,0.0
188,6,11,TICHY,تيشي,2,0.0
189,6,12,SEMAOUN,سمعون,2,1000000.0
190,6,13,KENDIRA,قنديرة,2,0.0
191,6,14,TIFRA,تيفرة,2,0.0
192,6,15,IGHREM,إغرم,2,0.0
193,6,16,AMALOU,أمالو,2,0.0
194,6,17,IGHIL ALI,إغيل على,2,0.0
195,6,18,IFLAIN ILMATEN,إفلاين الماثن,2,0.0
196,6,19,TOUDJA,توجة,2,0.0
197,6,20,DARGUINA,درقينة,2,2000000.0
198,6,21,SIDI AYAD,سيدي عياد,2,0.0
199,6,22,AOKAS,أوقاس,2,0.0
200,6,23,BENI DJELIL,بن جليل,2,0.0
201,6,24,ADEKAR,أذكار,2,1000000.0
202,6,25,AKBOU,أقبو,2,0.0
203,6,26,SEDDOUK,صدوق,2,0.0
204,6,27,TAZMALT,تازمالت,2,0.0
205,6,28,AIT RIZINE,آيت رزين,2,0.0
206,6,29,CHEMINI,شميني,2,129780000.0
207,6,30,SOUK OUFELLA,السوق أوفلا,2,7000000.0
208,6,31,TASKRIOUT,تاسقريوت,2,0.0
209,6,32,TIBANE,طيبان,2,43920000.0
210,6,33,TALA HAMZA,ثالة حمزة,2,9836000.0
211,6,34,BARBACHA,برباشة,2,778649693.05
212,6,35,BENI KSILA,نى قسيلة,2,16039550.0
213,6,36,OUZELAGUEN,أوزلاقن,2,0.0
214,6,37,BOUHAMZA,بوحمزة,2,14421400.0
215,6,38,BENI MELIKECHE,بنى مليكش,2,0.0
216,6,39,SIDI AICH,سيدي عيش,2,0.0
217,6,40,EL KSEUR,القصر,2,0.0
218,6,41,MELBOU,ملبو,2,20265000.0
219,6,42,AKFADOU,أكفادو,2,2145000.0
220,6,43,LEFLAYE,لفلاى,2,20620000.0
221,6,44,KHERRATA,خراطة,2,40770000.0
222,6,45,DRAA EL KAID,ذراع القايد,2,1000000.0
223,6,46,TAMRIDJET,تامريجت,2,5650000.0
224,6,47,AIT SMAIL,آيت اسماعيل,2,124005460.0
225,6,48,BOUKHELIFA,بوخليفة,2,38381120.0
226,6,49,TIZI NBERBER,تيزى نبربر,2,436158130.0
227,6,50,BENI MAOUCHE,بنى معوش,2,0.0
228,6,51,OUED GHIR,وادى غير,2,0.0
229,6,52,BOUDJELLIL,بوجليل,2,6500000.0
230,7,01,BISKRA,بسكرة,1,338240000.0
231,7,02,OUMACHE,أوماس,1,3000000.0
232,7,03,BRANIS,البرانس,1,0.0
233,7,04,CHETMA,شتمة,1,0.0
234,7,05,OULED DJELLAL,أولاد جلال,1,1100000.0
235,7,06,RAS EL MIAD,راس الميعاد,1,0.0
236,7,07,BESBES,بسبس,1,0.0
237,7,08,SIDI KHALED,سيدي خالد,1,0.0
238,7,09,DOUCEN,الدوسن,1,0.0
239,7,10,ECH CHAIBA,الشعيبة,1,0.0
240,7,11,SIDI OKBA,سيدي عقبة,1,0.0
241,7,12,M'CHOUNECHE,مشونش,1,1000000.0
242,7,13,EL HAOUCHE,الحوش,1,0.0
243,7,14,AIN NAGA,عين الناقة,1,0.0
244,7,15,ZERIBET EL OUED,زربية الوادى,1,0.0
245,7,16,EL FEIDH,الفيض,1,0.0
246,7,17,EL KANTARA,القنطرة,1,0.0
247,7,18,AIN ZAATOUT,عين زعطوط,1,0.0
248,7,19,EL OUTAYA,الوطاية,1,0.0
249,7,20,DJEMORAH,جمورة,1,2000000.0
250,7,21,TOLGA,طولقة,1,0.0
251,7,22,LIOUA,لواء,1,0.0
252,7,23,LICHANA,لشانة,1,0.0
253,7,24,OURLAL,أورلال,1,1000000.0
254,7,25,M'LILI,مليلى,1,0.0
255,7,26,FOUGHALA,فوغالة,1,0.0
256,7,27,BORDJ BENAZZOUZ,برج بن عزوز,1,0.0
257,7,28,MEZIRAA,المزيرعة,1,0.0
258,7,29,BOUCHAGROUN,بوشقرون,1,129780000.0
259,7,30,MEKHADMA,مخادمة,1,7000000.0
260,7,31,EL GHROUS,الغروس,1,0.0
261,7,32,EL HADJAB,الحاجب,1,43920000.0
262,7,33,KHENGHET SIDI NAJI,خنقة سيدي ناجى,1,9836000.0
263,8,01,BECHAR,بشار,0.5,338240000.0
264,8,02,ERG FERRADJ,عرق فراج,0.5,3000000.0
265,8,03,OULED KHOUDIR,أولاد خدير,0.5,0.0
266,8,04,MERIDJA,مريجة,0.5,0.0
267,8,05,TIMOUDI,تيمودى,0.5,1100000.0
268,8,06,LAHMAR,الاحمر,0.5,0.0
269,8,07,BENI ABBES,بنى عباس,0.5,0.0
270,8,08,BENI IKHLEF,بنى يخلف,0.5,0.0
271,8,09,MECHRAA H. BOUMEDIENE,مشرع ھوارى بومدين,0.5,0.0
272,8,10,KENADSA,قنادسة,0.5,0.0
273,8,11,IGLI,ايقلى,0.5,0.0
274,8,12,TABALBALA,تبلبلة,0.5,1000000.0
275,8,13,TAGHIT,تاغيت,0.5,0.0
276,8,14,EL OUATA,الوطاء,0.5,0.0
277,8,15,BOUKAIS,بوقا يس,0.5,0.0
278,8,16,MOGHUEUL,موغل,0.5,0.0
279,8,17,ABADLA,العبادلة,0.5,0.0
280,8,18,KERZAZ,كرزاز,0.5,0.0
281,8,19,KSABI,قصابى,0.5,0.0
282,8,20,TAMERT,تامترت,0.5,2000000.0
283,8,21,BENI OUNIF,بنى و نيف,0.5,0.0
284,9,01,BLIDA,البليدة,4,338240000.0
285,9,02,CHEBLI,الشبلي,4,3000000.0
286,9,03,BOUINAN,بوعينان,4,0.0
287,9,04,OUED ALLEUG,وادى العلايق,4,0.0
288,9,07,OULED YAICH,اولاد يعيش,4,0.0
289,9,08,CHREA,الشريعة,4,0.0
290,9,10,EL AFFROUN,العفرون,4,0.0
291,9,11,CHIFFA,الشفة,4,0.0
292,9,12,HAMMAM MELOUANE,حمام ملوان,3,1000000.0
293,9,13,BENKHELIL,بني خليل,4,0.0
294,9,14,SOUMAA,صومعة,4,0.0
295,9,16,MOUZAIA,موزاية,4,0.0
296,9,17,SOUHANE,صوحان,3,0.0
297,9,18,MEFTAH,مفتاح,3,0.0
298,9,19,OULED SLAMA,أولاد سلامة,4,0.0
299,9,20,BOUFARIK,بوفاريك,4,2000000.0
300,9,21,LARBAA,الاربعاء,3,0.0
301,9,22,OUED DJER,وادى جر,4,0.0
302,9,23,BENI TAMOU,بني تامو,4,0.0
303,9,24,BOUARFA,بوعرفة,4,1000000.0
304,9,25,BENI MERED,بني مراد,4,0.0
305,9,26,BOUGARA,بوقارة,3,0.0
306,9,27,GUEROUAOU,قرواو,4,0.0
307,9,28,AIN ROMANA,عين الرمانة,3,0.0
308,9,29,DJEBABRA,جبابرة,3,129780000.0
309,10,01,BOUIRA,البويرة,2,338240000.0
310,10,02,EL ASNAM,الأصنام,2,3000000.0
311,10,03,GUERROUMA,قرومة,2,0.0
312,10,04,SOUK EL KHEMIS,سوق الخميس,2,0.0
313,10,05,KADIRIA,القادرية,2,1100000.0
314,10,06,HANIF,الحانيف,2,0.0
315,10,07,DIRAH,ديرة,2,0.0
316,10,08,AIT LAAZIZ,آيت لعزيز,2,0.0
317,10,09,TAGHZOUT,تاغزوت,2,0.0
318,10,10,RAOURAOUA,راوراوة,2,0.0
319,10,11,MEZDOUR,مزدور,2,0.0
320,10,12,HAIZER,الحيزر,2,1000000.0
321,10,13,LAKHDARIA,الأخضرية,2,0.0
322,10,14,MAALA,المعلمة,2,0.0
323,10,15,EL HACHIMIA,الھاشمية,2,0.0
324,10,16,AOMAR,أوعمر,2,0.0
325,10,17,CHORFA,الشرفاء,2,0.0
326,10,18,BORDJ OUKHRISS,برج أوخريص,2,0.0
327,10,19,EL ADJIBA,العجيبة,2,0.0
328,10,20,EL HAKIMIA,الحاكمية,2,2000000.0
329,10,21,EL KHABOUZIA,الخبوزية,2,0.0
330,10,22,AHL EL KSAR,أھل القصر,2,0.0
331,10,23,BOUDERBALA,بودربالة,2,0.0
332,10,24,Z'BARBAR,زبربر,2,1000000.0
333,10,25,AIN EL HADJAR,عين الحجار,2,0.0
334,10,26,DJEBAHIA,جباحية,2,0.0
335,10,27,AGHBALOU,أغبالو,2,0.0
336,10,28,TAGUEDIT,تاقديت,2,0.0
337,10,29,AIN TURK,عين الترك,2,129780000.0
338,10,30,SAHARIDJ,الصھاريج,2,7000000.0
339,10,31,DECHMIA,الدشمية,2,0.0
340,10,32,RIDANE,ريدان,2,43920000.0
341,10,33,BECHLOUL,بشلول,2,9836000.0
342,10,34,BOUKRAM,بوكروم,2,778649693.05
343,10,35,AIN BESSAM,عين بسام,2,16039550.0
344,10,36,BIR GHBALOU,بئر غبالو,2,0.0
345,10,37,M'CHEDELLAH,مشدا ﷲ,2,14421400.0
346,10,38,SOUR GHOZLANE,صور الغزلان,2,0.0
347,10,39,MAAMORA,المعمورة,2,0.0
348,10,40,OULED RACHED,أولاد راشد,2,0.0
349,10,41,AIN LALOUI,عين العلوى,2,20265000.0
350,10,42,HADJERA ZERGA,الحجرة الزرقاء,2,2145000.0
351,10,43,TAOURIRT,آث منصور,2,20620000.0
352,10,44,EL MOKRANI,المقراني,2,40770000.0
353,10,45,OUED EL BERDI,وادى البردي,2,1000000.0
354,11,01,TAMNGHASSET,تامنغست,0.5,338240000.0
355,11,02,ABALESSA,أباليسا,0.5,3000000.0
356,11,03,IN GHAR,ان غار,0.5,0.0
357,11,04,IN GUEZZAM,أن قزام,0.5,0.0
358,11,05,IDLES,أدلس,0.5,1100000.0
359,11,06,TAZROUK,تازروق,0.5,0.0
360,11,07,TIN ZOUATINE,تين زاوتين,0.5,0.0
361,11,08,IN SALAH,ان صالح,0.5,0.0
362,11,09,IN AMGUEL,ام أمقل,0.5,0.0
363,11,10,FOGGARET EZZAOUIA,فقارت الزاوية,0.5,0.0
364,12,01,TEBESSA,تبسة,0.5,338240000.0
365,12,02,BIR EL ATER,بئر العاتر,0.5,3000000.0
366,12,03,CHERIA,الشريعة,0.5,0.0
367,12,04,STAH GUENTIS,سطح قنطيس,0.5,0.0
368,12,05,EL AOUINET,العوينات,0.5,1100000.0
369,12,06,LHAOUIDJBET,الحويجبات,0.5,0.0
370,12,07,SAFSAF OUESRA,صفصاف الوسرة,0.5,0.0
371,12,08,HAMMAMET,الحمامات,0.5,0.0
372,12,09,NEGRINE,نقرين,0.5,0.0
373,12,10,BIR MOKADEM,بئر المقدم,0.5,0.0
374,12,11,EL KOUIF,الكويف,0.5,0.0
375,12,12,MORSOTT,مرسط,0.5,1000000.0
376,12,13,EL OGLA,العقلة,0.5,0.0
377,12,14,BIR DHEHEB,بئر الذھب,0.5,0.0
378,12,15,EL OGLA MALHA,العقلة المالحة,0.5,0.0
379,12,16,GUORRIGUER,قوريقر,0.5,0.0
380,12,17,BEKKARIA,بكارية,0.5,0.0
381,12,18,BOUKHADRA,بوخضرة,0.5,0.0
382,12,19,OUENZA,الونزة,0.5,0.0
383,12,20,EL MA EL BIOD,الماء الابيض,0.5,2000000.0
384,12,21,OUM ALI,أم على,0.5,0.0
385,12,22,TLIDJEN,ثليجان,0.5,0.0
386,12,23,AIN ZERGA,عين الزرقاء,0.5,0.0
387,12,24,EL MERIDJ,المريج,0.5,1000000.0
388,12,25,BOULHAF DIR,بولحاف الدير,0.5,0.0
389,12,26,BEDJENE,بجن,0.5,0.0
390,12,27,EL MEZERAA,المزرعة,0.5,0.0
391,12,28,FERKANE,فركان,0.5,0.0
392,13,01,TLEMCEN,تلمسان,1,338240000.0
393,13,02,BENI MESTER,بنى مستر,1,3000000.0
394,13,03,AIN TELLOUT,عين تالوت,1,0.0
395,13,04,REMCHI,الرمشى,1,0.0
396,13,05,EL FEHOUL,الفحول,1,1100000.0
397,13,06,SABRA,صبرة,1,0.0
398,13,07,GHAZAOUET,الغزوات,1,0.0
399,13,08,SOUANI,السوانى,1,0.0
400,13,09,DJEBALA,جبالة,1,0.0
401,13,10,EL GOR,القور,1,0.0
402,13,11,OUED CHOULI,وادى الشولى,1,0.0
403,13,12,AIN FEZZA,عين فزة,1,1000000.0
404,13,13,OULED MIMOUN,أولاد ميمون,1,0.0
405,13,14,AMIEUR,عمير,1,0.0
406,13,15,AIN YOUCEF,عين يوسف,1,0.0
407,13,16,ZENATA,زناتة,1,0.0
408,13,17,BENI SNOUS,بنى سنوس,1,0.0
409,13,18,BAB EL ASSA,باب العسة,1,0.0
410,13,19,DAR YAGHMORICENE,دار يغمراسن,1,0.0
411,13,20,FELLAOUCENE,فلاوسن,1,2000000.0
412,13,21,AZAILS,لغزايل,1,0.0
413,13,22,SEBAA CHIOUKH,السبعة شيوخ,1,0.0
414,13,23,TERNI BENI HEDIEL,تيرنى بنى ھديل,1,0.0
415,13,24,BENSEKRANE,ابن سكران,1,1000000.0
416,13,25,AIN NEHALA,عين النحالة,1,0.0
417,13,26,HENNAYA,الحناية,1,0.0
418,13,27,MAGHNIA,مغنية,1,0.0
419,13,28,HAMMAM BOUGHRARA,حمام بوغرارة,1,0.0
420,13,29,SOUAHLIA,السواحلية,1,129780000.0
421,13,30,MSIRDA FOUAGA,مسيردة الفواقة,1,7000000.0
422,13,31,AIN FETAH,عين فتاح,1,0.0
423,13,32,EL ARICHA,العريشة,1,43920000.0
424,13,33,SOUK THLATA,سوق الثلاثاء,1,9836000.0
425,13,34,SIDI ABDELLI,سيدي عبد اللى,1,778649693.05
426,13,35,SEBDOU,سبدو,1,16039550.0
427,13,36,BENI OUARSOUS,بني ورسوس,1,0.0
428,13,37,SIDI MEDJAHED,سيدي مجاھد,1,14421400.0
429,13,38,BENI BOUSSAID,بنى بوسعيد,1,0.0
430,13,39,MARSA BEN MHIDI,مرسى بن مھيدي,1,0.0
431,13,40,NEDROMA,ندرومة,1,0.0
432,13,41,SIDI DJILALI,سيدي الجيلالي,1,20265000.0
433,13,42,BENI BAHDEL,بنى بھدل,1,2145000.0
434,13,43,EL BOUIHI,البويھي,1,20620000.0
435,13,44,HONAINE,حنين,1,40770000.0
436,13,45,TIANET,تيانت,1,1000000.0
437,13,46,OULED RIYAH,أولاد رياح,1,5650000.0
438,13,47,BOUHLOU,بوحلو,1,124005460.0
439,13,48,BENI RACHED,سوق الخميس,1,38381120.0
440,13,49,AIN GHORABA,عين الغرابة,1,436158130.0
441,13,50,CHETOUANE,شتوان,1,0.0
442,13,51,MANSOURAH,المنصورة,1,0.0
443,13,52,BENI SMIEL,بني صميل,1,6500000.0
444,13,53,AIN KEBIRA,العين الكبيرة,1,1560000.0
445,14,01,TIARET,تيارت,1,338240000.0
446,14,02,MEDROUSSA,مدروسة,1,3000000.0
447,14,03,AIN BOUCHEKIF,عين بوشقيف,1,0.0
448,14,04,SIDI ALI MELLAL,سيدي علي ملال,1,0.0
449,14,05,AIN ZAIRIT,عين زاريت,1,1100000.0
450,14,06,AIN DEHEB,عين الذھب,1,0.0
451,14,07,SIDI BAKHTI,سيدي بختي,1,0.0
452,14,08,MEDRISSA,مدريسة,1,0.0
453,14,09,ZMALET EMIR AEK,زمالة الأمير عبد القادر,1,0.0
454,14,10,MADNA,مادنة,1,0.0
455,14,11,SEBT,السبت,1,0.0
456,14,12,MELLAKOU,ملاكو,1,1000000.0
457,14,13,DAHMOUNI,دھمونى,1,0.0
458,14,14,RAHOUIA,رحوية,1,0.0
459,14,15,MAHDIA,المھدية,1,0.0
460,14,16,SOUGUEUR,السوقر,1,0.0
461,14,17,SI ABDELGHANI,سيدي عبد الغنى,1,0.0
462,14,18,AIN EL HADID,عين الحديد,1,0.0
463,14,19,DJEBILET ROSFA,أولاد جراد,1,0.0
464,14,20,NAIMA,النعيمة,1,2000000.0
465,14,21,MEGHILA,مغيلة,1,0.0
466,14,22,GUERTOUFA,قرطوفة,1,0.0
467,14,23,SIDI HOSNI,سيدي الحسني,1,0.0
468,14,24,DJILLALI BEN AMAR,جيلالي بن عمار,1,1000000.0
469,14,25,SEBAINE,سبعين,1,0.0
470,14,26,TOUSNINA,توسنينة,1,0.0
471,14,27,FRENDA,فرندة,1,0.0
472,14,28,AIN KERMES,عين كرمس,1,0.0
473,14,29,KSAR CHELLALA,قصر الشلالة,1,129780000.0
474,14,30,RECHAIGA,الرشايقة,1,7000000.0
475,14,31,NADORAH,الناظورة,1,0.0
476,14,32,TAGDEMT,تاقدمت,1,43920000.0
477,14,33,OUED LILLI,وادى ليلى,1,9836000.0
478,14,34,MECHRAA SAFA,مشرع الصفاء,1,778649693.05
479,14,35,HAMADIA,الحمادية,1,16039550.0
480,14,36,CHEHAIMA,شحيمة,1,0.0
481,14,37,TAKHEMARET,تاخمرت,1,14421400.0
482,14,38,SIDI ABDERRAHMANE,سيدي عبد الرحمان,1,0.0
483,14,39,SERGHINE,سرغين,1,0.0
484,14,40,BOUGARA,بوقرة,1,0.0
485,14,41,FAIDJA,الفايجة,1,20265000.0
486,14,42,TIDDA,تيدة,1,2145000.0
487,15,01,TIZI OUZOU,تيزٮوزو,2,338240000.0
488,15,02,AIN EL HAMMAM,عين الحمام,2,3000000.0
489,15,03,AKBIL,اقبيل,2,0.0
490,15,04,FREHA,فريحة,2,0.0
491,15,05,SOUAMAA,سوامع,2,1100000.0
492,15,06,MECHTRASS,مشتراس,2,0.0
493,15,07,IRDJEN,ارجن,2,0.0
494,15,08,TIMIZART,تيمزارت,2,0.0
495,15,09,MAKOUDA,ماكودة,2,0.0
496,15,10,DRAA EL MIZAN,ذراع الميزان,2,0.0
497,15,11,TIZI GHENIF,تيزى غنيف,2,0.0
498,15,12,BOUNOUH,بونوح,2,1000000.0
499,15,13,AIT CHAFFAA,آيت شفعة,2,0.0
500,15,14,FRIKAT,فريقات,2,0.0
501,15,15,BENI AISSI,بنى عيسى,2,0.0
502,15,16,BENI ZMENZER,بنى زمنزر,2,0.0
503,15,17,IFERHOUNENE,افرحونن,2,0.0
504,15,18,AZAZGA,عزازقة,2,0.0
505,15,19,ILOULA OUMALOU,ايلولو أما لو,2,0.0
506,15,20,YAKOUREN,اعكورن,2,2000000.0
507,15,21,LARBA NAIT IRATHEN,الاربعاء نايت ايراثن,2,0.0
508,15,22,TIZI RACHED,تيزى راشد,2,0.0
509,15,23,ZEKRI,زكرى,2,0.0
510,15,24,OUAGUENOUN,وا قنون,2,1000000.0
511,15,25,AIN ZAOUIA,عين الزاوية,2,0.0
512,15,26,M’KIRA,مكيرة,2,0.0
513,15,27,AIT YAHIA,آيت يحيى,2,0.0
514,15,28,AIT MAHMOUD,آيت محمود,2,0.0
515,15,29,MAATKA,المعاتقة,2,129780000.0
516,15,30,AIT BOUMEHDI,آيت بومھدى,2,7000000.0
517,15,31,ABI YOUCEF,أبى يوسف,2,0.0
518,15,32,BENI DOUALA,بنى دوالة,2,43920000.0
519,15,33,ILLILTEN,اليلتين,2,9836000.0
520,15,34,BOUZGUEN,بوزقن,2,778649693.05
521,15,35,AIT AGGOUACHA,آيت أقواشة,2,16039550.0
522,15,36,OUADHIA,واضية,2,0.0
523,15,37,AZZEFOUN,أزفون,2,14421400.0
524,15,38,TIGZIRT,تقزرت,2,0.0
525,15,39,DJEBEL AISSA MIMOUN,جبل عيسى ميمون,2,0.0
526,15,40,BOGHNI,بوغنى,2,0.0
527,15,41,IFIGHA,ايفيغاء,2,20265000.0
528,15,42,AIT OUMALOU,آيت أومالو,2,2145000.0
529,15,43,TIRMIRTINE,تيرمتين,2,20620000.0
530,15,44,AKERROU,أقرو,2,40770000.0
531,15,45,YATAFENE,ياطفان,2,1000000.0
532,15,46,BENI ZIKI,بنى زيكى,2,5650000.0
533,15,47,DRAA BEN KHEDA,ذراع بن خدة,2,124005460.0
534,15,48,OUACIF,واسيف,2,38381120.0
535,15,49,IDJEUR,آجر,2,436158130.0
536,15,50,MEKLA,مقلع,2,0.0
537,15,51,TIZI N’THLATA,تيزى نثلاثة,2,0.0
538,15,52,BENI YENNI,بنى ينى,2,6500000.0
539,15,53,AGHRIB,أغريب,2,1560000.0
540,15,54,IFLISSEN,افليسن,2,60884800.0
541,15,55,BOUDJIMA,بوجيمئة,2,8500000.0
542,15,56,AIT YAHIA MOU.,آيت يحى موسى,2,21225000.0
543,15,57,SOUK EL TENINE,سوق الاثنين,2,0.0
544,15,58,AIT KHELILI,آيت خليل,2,0.0
545,15,59,SIDI NAAMANE,سيدي نعمان,2,49726900.0
546,15,60,IBOUDRAREN,أبودرارن,2,0.0
547,15,61,AGHNI GOUGHRAN,آقنى قغران,2,4500000.0
548,15,62,MIZRANA,مزرانة,3,0.0
549,15,63,IMSOUHAL,أمسوحال,2,168043250.0
550,15,64,TADMAIT,تادمايت,2,18000000.0
551,15,65,AIT BOUADDOU,آيت بوعدو,2,0.0
552,15,66,ASSI YOUCEF,أسى يوسف,2,1750000.0
553,15,67,AIT TOUDERT,آيت تودرت,2,0.0
554,16,01,ALGER-CENTRE,الجزائر الوسطى,4,338240000.0
555,16,02,SIDI M'HAMED,سيدي امحمد,4,3000000.0
556,16,03,EL MADANIA,المدنية,4,0.0
557,16,04,HAMMA ANNASSERS,الحامة - العناصر,4,0.0
558,16,05,BAB EL OUED,باب الوادي,4,1100000.0
559,16,06,BOLOGHINE,بولوغين إبن زيري,4,0.0
560,16,07,CASBAH,القصبة,4,0.0
561,16,08,OUED KOREICHE,وادي قريش,4,0.0
562,16,09,BIR MOURAD RAIS,بئر مراد رايس,4,0.0
563,16,10,EL BIAR,الأبيار,4,0.0
564,16,11,BOUZEREAH,بوزريعة,4,0.0
565,16,12,BIRKHADEM,بئر خادم,4,1000000.0
566,16,13,EL HARRACH,الحراش,4,0.0
567,16,14,BARAKI,براقي,4,0.0
568,16,15,OUED SMAR,وادي سمار,4,0.0
569,16,16,BOUBOUBA,بوروبة,4,0.0
570,16,17,HUSSEIN DEY,حسين داي,4,0.0
571,16,18,KOUBA,القبة,4,0.0
572,16,19,BACHDJARAH,باش جراح,4,0.0
573,16,20,DAR EL BEIDA,الدار البيضاء,4,2000000.0
574,16,21,BAB EZZOUAR,باب الزوار,4,0.0
575,16,22,BEN AKNOUN,بن عكنون,4,0.0
576,16,23,DELY IBRAHIM,دالي إبرھيم,4,0.0
577,16,24,HAMMAMET,الحمامات الرومانية,4,1000000.0
578,16,25,RAIS HAMIDOU,الرايس حميدو,4,0.0
579,16,26,DJASR KASENTINA,جسر قسنطينة,4,0.0
580,16,27,EL MOURADIA,المرادية,4,0.0
581,16,28,HYDRA,حيدرة,4,0.0
582,16,29,MOHAMMADIA,المحمدية,4,129780000.0
583,16,30,BORDJ EL KIFFAN,برج الكيفان,4,7000000.0
584,16,31,EL MAGHARIA,المغارية,4,0.0
585,16,32,BENI MESSOUS,بني مسوس,4,43920000.0
586,16,33,EUCALYPTUS,الكليتوس,4,9836000.0
587,16,34,BIRTOUTA,بئر توتة,4,778649693.05
588,16,35,TESSALA EL MERDJA,تسالة المرجى,4,16039550.0
589,16,36,OULED CHEBEL,أولاد الشبل,4,0.0
590,16,37,SIDI MOUSSA,سيدي موسى,4,14421400.0
591,16,38,AIN TAYA,عين طاية,4,0.0
592,16,39,BORDJ EL BAHRI,برج البحري,4,0.0
593,16,40,EL MARSA,المرسى,4,0.0
594,16,41,HARRAOUA,الھراوة,4,20265000.0
595,16,42,ROUIBA,الرويبة,4,2145000.0
596,16,43,REGHAIA,رغاية,4,20620000.0
597,16,44,AIN BENIAN,عين البنيان,4,40770000.0
598,16,45,STAOUELI,سطاوالي,4,1000000.0
599,16,46,ZERALDA,زرالدة,4,5650000.0
600,16,47,MAHELMA,محالمة,4,124005460.0
601,16,48,RAHMANIA,الرحمانية,4,38381120.0
602,16,49,SOUIDANIA,سويدانية,4,436158130.0
603,16,50,CHERAGA,الشراقة,4,0.0
604,16,51,OULED FAYET,أولاد فايت,4,0.0
605,16,52,EL ACHOUR,العاشور,4,6500000.0
606,16,53,DRARIA,درارية,4,1560000.0
607,16,54,DOUERA,دويرة,4,60884800.0
608,16,55,BABA HASSEN,بابا حسن,4,8500000.0
609,16,56,KHRAICIA,خراسية,4,21225000.0
610,16,57,SAOULA,سحاولة,4,0.0
611,17,01,DJELFA,الجلفة,1,338240000.0
612,17,02,MOUDJEBARA,مجبر,1,3000000.0
613,17,03,EL GUEDID,القديد,1,0.0
614,17,04,HASSI BAHBAH,حاسي بحبح,1,0.0
615,17,05,AIN MAABED,عين معبد,1,1100000.0
616,17,06,SED RAHAL,سد الرحال,1,0.0
617,17,07,FEIDH EL BOTMA,فيض البطمة,1,0.0
618,17,08,BIRINE,بيرين,1,0.0
619,17,09,BOUIRA LAHDEB,بويرة الأحدب,1,0.0
620,17,10,ZACCAR,زكار,1,0.0
621,17,11,EL KHEMIS,الخميس,1,0.0
622,17,12,SIDI BAIZID,سيدي بايزيد,1,1000000.0
623,17,13,MLILIHA,المليليجة,1,0.0
624,17,14,EL IDRISSIA,الادريسية,1,0.0
625,17,15,DOUIS,دويس,1,0.0
626,17,16,HASSI EL EUCH,حاسى العش,1,0.0
627,17,17,MESSAAD,مسعد,1,0.0
628,17,18,GUETTARA,القطارة,1,0.0
629,17,19,SIDI LADJEL,سيدي لعجال,1,0.0
630,17,20,HAD SAHARY,حد الصحارى,1,2000000.0
631,17,21,GUERNINI,قرنيني,1,0.0
632,17,22,SELMANA,سلمانة,1,0.0
633,17,23,AIN CHOUHADA,عين الشھداء,1,0.0
634,17,24,OUM LAADHAM,أم العظام,1,1000000.0
635,17,25,DAR CHIOUKH,دار الشيوخ,1,0.0
636,17,26,CHAREF,الشارف,1,0.0
637,17,27,BENIYAGOUB,بنى يعقوب,1,0.0
638,17,28,ZAAFRANE,زعفران,1,0.0
639,17,29,DELDOUL,دلدول,1,129780000.0
640,17,30,AIN EL IBEL,عين الابل,1,7000000.0
641,17,31,AIN OUSSERA,عين وسارة,1,0.0
642,17,32,BENHAR,بن ھار,1,43920000.0
643,17,33,HASSI FEDOUL,حاسى فدول,1,9836000.0
644,17,34,AMOURAH,عمورة,1,778649693.05
645,17,35,AIN FEKKA,عين فكة,1,16039550.0
646,17,36,TADMIT,تاعظميت,1,0.0
647,18,01,JIJEL,جيجل,2,338240000.0
648,18,02,ERRAGUENE,أرا قن,2,3000000.0
649,18,03,EL AOUANA,العوانة,2,0.0
650,18,04,ZIAMMA MANSOURIAH,زيامة منصورية,2,0.0
651,18,05,TAHER,الطاھير,2,1100000.0
652,18,06,EMIR ABDELKADER,الامير عبد القادر,2,0.0
653,18,07,CHEKFA,الشقفة,2,0.0
654,18,08,CHAHANA,شحنة,2,0.0
655,18,09,EL MILIA,الميلية,2,0.0
656,18,10,SIDI MAAROUF,سيدي معروف,2,0.0
657,18,11,SETTARA,السطارة,2,0.0
658,18,12,EL ANCER,العنصر,2,1000000.0
659,18,13,SIDI ABDELAZIZ,سيدي عبد العزيز,2,0.0
660,18,14,KAOUS,قاوس,2,0.0
661,18,15,GHEBALA,غبالة,2,0.0
662,18,16,BOURAOUI BELH.,بوراوى بلھادف,2,0.0
663,18,17,DJMILA,جيملة,2,0.0
664,18,18,SELMA BENZIADA,سلمى بن زيادة,2,0.0
665,18,19,OULED ASKEUR,بوسيف أولاد عسكر,2,0.0
666,18,20,EL KENAR NOUCHFI,القنار نوشفى,2,2000000.0
667,18,21,OULED YAHIA,أولاد يحيى خدروش,2,0.0
668,18,22,BOUDRIA BENI YADJIS,بودريعة بن ياجيس,2,0.0
669,18,23,KHIRI OUED ADJOUL,قمير وادى عجول,2,0.0
670,18,24,TEXENA,تاكسنة,2,1000000.0
671,18,25,DJEMAA BENI HABIBI,الجمعة بنى حبيبى,2,0.0
672,18,26,BORDJ TAHER,برج الطھر,2,0.0
673,18,27,OULED RABAH,أولاد رابح,2,0.0
674,18,28,OUDJANA,وجانة,2,0.0
675,19,01,SETIF,سطيف,2,338240000.0
676,19,02,AIN EL KEBIRA,العين الكبيرة,2,3000000.0
677,19,03,BENI AZIZ,بنى عزيز,2,0.0
678,19,04,OULED SI AHMED,أولادى سي أحمد,2,0.0
679,19,05,BOUTALEB,بوطالب,2,1100000.0
680,19,06,AIN ROUA,عين الروى,2,0.0
681,19,07,DRAA KEBILA,ذراع قبيلة,2,0.0
682,19,08,BIR EL ARCH,بئر العرش,2,0.0
683,19,09,BENI CHEBANA,بنى شبانة,2,0.0
684,19,10,OULED TEBBEN,أولاد تبان,2,0.0
685,19,11,HAMMA,الحامة,2,0.0
686,19,12,MAAOUIA,معاوية,2,1000000.0
687,19,13,AIN LEGRADJ,عين لقراج,2,0.0
688,19,14,AIN ABESSA,عين عباسة,2,0.0
689,19,15,DEHEMCHA,الدھامشة,2,0.0
690,19,16,BABOR,بابور,2,0.0
691,19,17,GUIDJEL,قجال,2,0.0
692,19,18,AIN LAHDJAR,عين الحجر,2,0.0
693,19,19,BOUSSELAM,بوسلام,2,0.0
694,19,20,EL EULMA,العلمة,2,2000000.0
695,19,21,DJEMILA,جميلة,2,0.0
696,19,22,BENI OURTILANE,بنى ورثيلان,2,0.0
697,19,23,ROSFA,الرصفة,2,0.0
698,19,24,OULED ADDOUANE,أولاد عدوان,2,1000000.0
699,19,25,BELLAA,بلعة,2,0.0
700,19,26,AIN ARNAT,عين أرنات,2,0.0
701,19,27,AMOUCHA,عموشة,2,0.0
702,19,28,AIN OULMANE,عين أولمان,2,0.0
703,19,29,BEIDHA BORDJ,بيضاء برج,2,129780000.0
704,19,30,BOUANDAS,بوعنداس,2,7000000.0
705,19,31,BAZER SAKRA,بازر الصخرة,2,0.0
706,19,32,HAMMAM ESSOKHNA,حمام السخنة,2,43920000.0
707,19,33,MEZLOUG,مزلوق,2,9836000.0
708,19,34,BIR HADDADA,بئر حدادة,2,778649693.05
709,19,35,SERDJ EL GHOUL,سرج الغول,2,16039550.0
710,19,36,HARBIL,حربيل,2,0.0
711,19,37,EL OURICIA,الوريسية,2,14421400.0
712,19,38,TIZI N'BECHAR,تيزى نبشار,2,0.0
713,19,39,SALAH BEY,صالح باي,2,0.0
714,19,40,AIN AZAL,عين ازال,2,0.0
715,19,41,GUENZET,قنزات,2,20265000.0
716,19,42,TALAIFACENE,تالة إيفاسن,2,2145000.0
717,19,43,BOUGAA,بوقاعة,2,20620000.0
718,19,44,BENI FOUDA,بنى فودة,2,40770000.0
719,19,45,TACHOUDA,تاشورة,2,1000000.0
720,19,46,BENI MOUHLI,بنى محلى,2,5650000.0
721,19,47,OULED SABOR,أولاد صابر,2,124005460.0
722,19,48,GUELLAL,قلال,2,38381120.0
723,19,49,AIN SEBT,عين السبت,2,436158130.0
724,19,50,HAMMAM GUERGOUR,حمام القرقور,2,0.0
725,19,51,AIT NAOUAL M.,آيت نوال مزادة,2,0.0
726,19,52,KSAR EL ABTAL,قصر الأبطال,2,6500000.0
727,19,53,BENI HOCINE,بنى حسين,2,1560000.0
728,19,54,AIT TIZI,آيت تيزي,2,60884800.0
729,19,55,MAOUAKLANE,موكلان,2,8500000.0
730,19,56,GUELTA ZERKA,القلتة الزرقاء,2,21225000.0
731,19,57,OUED EL BARAD,وادي البارد,2,0.0
732,19,58,TAYA,الطاية,2,0.0
733,19,59,EL OULDJA,الولجة,2,49726900.0
734,19,60,TELLA,التلة,2,0.0
735,20,01,SAIDA,سعيدة,1,338240000.0
736,20,02,DOUI THABET,دوى ثابت,1,3000000.0
737,20,03,AIN HADJAR,عين الحجر,1,0.0
738,20,04,OULED KHALED,أولاد خالد,1,0.0
739,20,05,MOULAY LARBI,مولاي العربي,1,1100000.0
740,20,06,YOUB,يوب,1,0.0
741,20,07,HOUNET,حنات,1,0.0
742,20,08,SIDI AMAR,سيدي عمار,1,0.0
743,20,09,SIDI BOUBEKEUR,سيدي بوبكر,1,0.0
744,20,10,EL HASSASSNA,الحساسنة,1,0.0
745,20,11,MAAMORA,المعمورة,1,0.0
746,20,12,SIDI AHMED,سيدي أحمد,1,1000000.0
747,20,13,AIN SKHOUNA,العين السخونة,1,0.0
748,20,14,OULED BRAHIM,أولاد ابراھيم,1,0.0
749,20,15,TIRCINE,تيرسين,1,0.0
750,20,16,AIN SOLTANE,عين السلطان,1,0.0
751,21,01,SKIKDA,سكيكدة,2,338240000.0
752,21,02,AIN ZOUIT,عين زويت,2,3000000.0
753,21,03,EL HADAIK,الحدائق,2,0.0
754,21,04,AZZABA,عزابة,2,0.0
755,21,05,DJENDEL SAADI MED,جندل سيدي محمد,2,1100000.0
756,21,06,AIN CHERCHAR,عين شرشار,2,0.0
757,21,07,BEKKOUCHE LAKHDAR,بكوش الاخضر,2,0.0
758,21,08,BENAZOUZ,بن عزوز,2,0.0
759,21,09,ES SEBT,السبت,2,0.0
760,21,10,COLLO,القل,2,0.0
761,21,11,BENI ZID,بنى زيد,2,0.0
762,21,12,KERKERA,الكركرة,2,1000000.0
763,21,13,OULED ATTIA,أولاد عطية,2,0.0
764,21,14,OUED ZEHOUR,وادى الزھور,2,0.0
765,21,15,ZITOUNA,الزيتونة,2,0.0
766,21,16,EL HARROUCH,الحروش,2,0.0
767,21,17,ZERDAZAS,زردازس,2,0.0
768,21,18,OULED HEBABA,أولاد حبابة,2,0.0
769,21,19,SIDI MEZGHICHE,سيدي مزغيش,2,0.0
770,21,20,EMDJEZ EDCHICH,مجاز الدشيش,2,2000000.0
771,21,21,BENI OULBANE,بنى ولبان,2,0.0
772,21,22,AIN BOUZIANE,عين بوزيان,2,0.0
773,21,23,RAMDANE DJAMEL,رمضان جمال,2,0.0
774,21,24,BENI BECHIR,بنى بشير,2,1000000.0
775,21,25,SALAH BOUCHAOUR,صالح بو الشعور,2,0.0
776,21,26,TAMALOUS,تمالوس,2,0.0
777,21,27,AIN KECHRA,عين قشرة,2,0.0
778,21,28,OUM TOUB,أم الطوب,2,0.0
779,21,29,BIR EL OUIDEN,بين الويدان,2,129780000.0
780,21,30,FIL FILA,فليفلة,2,7000000.0
781,21,31,CHERAIA,الشرائع,2,0.0
782,21,32,KANOUA,قنوع,2,43920000.0
783,21,33,EL GHEDIR,الغدير,2,9836000.0
784,21,34,BOUCHTATA,بوشطاطة,2,778649693.05
785,21,35,OULDJA BOULBALOUT,الولجة بو البلوط,2,16039550.0
786,21,36,KHENEG MAYOUM,خنق مايوم,2,0.0
787,21,37,HAMADI KROUMA,حمادى كرومة,2,14421400.0
788,21,38,EL MARSA,المرسى,2,0.0
789,22,01,SIDI BEL ABBES,سيدي بلعباس,1,338240000.0
790,22,02,TESSALA,تسالة,1,3000000.0
791,22,03,SIDI BRAHIM,سيدي ابراھيم,1,0.0
792,22,04,MOSTAFA BEN BRAHIM,مصطفى بن ابراھيم,1,0.0
793,22,05,TELAGH,تلاغ,1,1100000.0
794,22,06,MEZAOUROU,مزاورو,1,0.0
795,22,07,BOUKHNAFIS,بو خنيفيس,1,0.0
796,22,08,SIDI ALI BOUSSIDI,سيدي على بوسيدى,1,0.0
797,22,09,BADREDINE EL MOKRANI,بدر الدين المقرانى,1,0.0
798,22,10,MARHOUM,مرحوم,1,0.0
799,22,11,TAFISSOUR,تافسون,1,0.0
800,22,12,AMARNAS,أمرناس,1,1000000.0
801,22,13,TILMOUNI,تلمونى,1,0.0
802,22,14,SIDI LAHCENE,سيدي لحسن,1,0.0
803,22,15,AIN TRID,عين الثريد,1,0.0
804,22,16,MAKHEDRA,مقدرة,1,0.0
805,22,17,TENIRA,تنبرة,1,0.0
806,22,18,MOULAY SLISSEN,مولاى سليسن,1,0.0
807,22,19,EL HACAIBA,الحصيبة,1,0.0
808,22,20,HASSI ZAHANA,حاسى زھانة,1,2000000.0
809,22,21,TABIA,طابية,1,0.0
810,22,22,MERINE,مرين,1,0.0
811,22,23,RAS EL MA,رأس الماء,1,0.0
812,22,24,AIN TADMINE,عين تندمين,1,1000000.0
813,22,25,AIN KADA,عين قادة,1,0.0
814,22,26,M'CID,مسيد,1,0.0
815,22,27,SIDI KHALED,سيدي خالد,1,0.0
816,22,28,AIN EL BERD,عين البرد,1,0.0
817,22,29,SFISEF,سفيزف,1,129780000.0
818,22,30,AIN ADDEN,عين عدان,1,7000000.0
819,22,31,OUED TAOURIA,وادى تاوريرة,1,0.0
820,22,32,DHAYA,الضاية,1,43920000.0
821,22,33,ZEROUALA,زروالة,1,9836000.0
822,22,34,LEMTAR,لمطار,1,778649693.05
823,22,35,SIDI CHAIB,سيدي شعيب,1,16039550.0
824,22,36,SIDI DAHO DE ZAIRS,سيدي دحو الزاير,1,0.0
825,22,37,OUED SEBAA,وادى السبع,1,14421400.0
826,22,38,BOUDJBAA.B,بوجبع البرج,1,0.0
827,22,39,SEHALA TAOURA,سحالة ثاورة,1,0.0
828,22,40,SIDI YACOUB,سيدي يعقوب,1,0.0
829,22,41,SIDI HAMADOUCHE,سيدي حمادوش,1,20265000.0
830,22,42,BELARBI,بلعربى,1,2145000.0
831,22,43,OUED SEFIOUN,وادى سفيون,1,20620000.0
832,22,44,TEGHELIMET,تغاليمت,1,40770000.0
833,22,45,BEN BADIS,ابن باديس,1,1000000.0
834,22,46,SIDI ALI BENYOUB,سيدي على بن يوب,1,5650000.0
835,22,47,CHETOUANE,شتوان بلايلة,1,124005460.0
836,22,48,BIR EL HAMMAM,بئر الحمام,1,38381120.0
837,22,49,TAOUDMOUT,تاردموت,1,436158130.0
838,22,50,REDJEM DEMOUCHE,رجم دموش,1,0.0
839,22,51,BENCHIBA,بن شيبة شيلية,1,0.0
840,22,52,HASSI DAHOU,حاسى دحو,1,6500000.0
841,23,01,ANNABA,عنابة,2,338240000.0
842,23,02,BERRAHAL,برحال,2,3000000.0
843,23,03,EL HADJAR,الحجار,2,0.0
844,23,04,EULMA,العلمة,2,0.0
845,23,05,EL BOUNI,البوني,2,1100000.0
846,23,06,OUED EL ANEB,وادي العنب,2,0.0
847,23,07,CHEURFA,الشرفة,2,0.0
848,23,08,SERAIDI,سعايدي,2,0.0
849,23,09,AIN BERDA,عين بوردة,2,0.0
850,23,10,CHETAIBI,شطايبي,2,0.0
851,23,11,SIDI AMER,سيدي عامر,2,0.0
852,23,12,TREAT,تريت,2,1000000.0
853,24,01,GUELMA,قالمة,2,338240000.0
854,24,02,NECHMEYA,نشماية,2,3000000.0
855,24,03,BOUATI MAHMOUD,بوعاطي محمود,2,0.0
856,24,04,OUED ZENATI,وادي زناتي,2,0.0
857,24,05,TAMLOUKA,تاملوكة,2,1100000.0
858,24,06,OUED FRAGHA,وادي فراغة,2,0.0
859,24,07,AIN SANDEL,عين صاندل,2,0.0
860,24,08,RAS EL AGBA,راس العقبة,2,0.0
861,24,09,DAHOURA,الدھوارة,2,0.0
862,24,10,BELKHIR,بلخير,2,0.0
863,24,11,BENDJARAH,بن جراح,2,0.0
864,24,12,BOUHAMDANE,بوحمدان,2,1000000.0
865,24,13,AIN MAKHLOUF,عين مخلوف,2,0.0
866,24,14,AIN BEN BEIDA,عين بن بيضاء,2,0.0
867,24,15,KHEZARAS,خزارة,2,0.0
868,24,16,BENI MEZLINE,بنى مزلين,2,0.0
869,24,17,BOUHACHANA,بوحشانة,2,0.0
870,24,18,GUELAAT BOU SBAA,قلعة بوسبع,2,0.0
871,24,19,HAMMAM DEBAGH,حمام المسخوطين,2,0.0
872,24,20,EL FEDJOUDJ,الفجوج,2,2000000.0
873,24,21,BORDJ SABAT,برج صباط,2,0.0
874,24,22,HAMMAM N'BAIL,حمام النبايل,2,0.0
875,24,23,AIN LARBI,عين العربى,2,0.0
876,24,24,MEDJEZ AMAR,مجاز عمار,2,1000000.0
877,24,25,BOUCHEGOUF,بوشقوف,2,0.0
878,24,26,HELIOPOLIS,ھيليوبوليس,2,0.0
879,24,27,AIN HESSANIA,عين الحساينية,2,0.0
880,24,28,ROKNIA,الركنية,2,0.0
881,24,29,SELLAOUA ANOUNA,سلاوة عنونة,2,129780000.0
882,24,30,MEDJEZ SFA,مجاز الصفاء,2,7000000.0
883,24,31,BOUMAHRA AHMED,بومھرة أحمد,2,0.0
884,24,32,AIN REGADA,عين رقادة,2,43920000.0
885,24,33,OUED CHEHAM,وادى الشحم,2,9836000.0
886,24,34,DJEBALA KHEMISSI,جبالة الخميسى,2,778649693.05
887,25,01,CONSTANTINE,قسنطينة,2,338240000.0
888,25,02,HAMMA BOUZIANE,حامة بوزيان,2,3000000.0
889,25,03,IBN BADIS,الھرية,2,0.0
890,25,04,ZIGHOUT YOUCEF,زيغود يوسف,2,0.0
891,25,05,DIDOUCHE MOURAD,ديدوش مراد,2,1100000.0
892,25,06,EL KHROUB,الخروب,2,0.0
893,25,07,AIN ABID,عين عبيد,2,0.0
894,25,08,BENI HAMIDEN,بنى حميدان,2,0.0
895,25,09,OULED RAHMOUNE,أولاد رحمون,2,0.0
896,25,10,AIN SMARA,عين سمارة,2,0.0
897,25,11,MESSAOUD BOUJERIOU,مسعود بوجريوة,2,0.0
898,25,12,IBN ZIAD,ابن زياد,2,1000000.0
899,26,01,MEDEA,المدية,3,338240000.0
900,26,02,OUZERA,وزرة,2,3000000.0
901,26,03,OULED MAAREF,أولاد معرف,2,0.0
902,26,04,AIN BOUCIF,عين بوسيف,1,0.0
903,26,05,AISSAOUIA,العيساوية,2,1100000.0
904,26,06,OULED DEIDE,اولاد دايد,2,0.0
905,26,07,EL OMARIA,العمرية,2,0.0
906,26,08,DERRAG,دراق,2,0.0
907,26,09,EL GUELB EL KEBIR,القلب الكبير,2,0.0
908,26,10,BOU AICHE,بوعيش,1,0.0
909,26,11,MEZERANA,مزغنة,2,0.0
910,26,12,OULED BRAHIM,أولاد ابراھيم,2,1000000.0
911,26,13,TIZI MAHDI,دميات,2,0.0
912,26,14,SIDI ZIANE,سيدي زيان,2,0.0
913,26,15,TAMESGUIDA,تامسقيدة,3,0.0
914,26,16,EL HAMDANIA,الحمدانية,3,0.0
915,26,17,KEF LAKHDAR,الكاف الاخضر,2,0.0
916,26,18,CHELLALET ADHAOURA,شلالة العذاورة,2,0.0
917,26,19,BOUSKENE,بوسكن,2,0.0
918,26,20,REBAIA,الربعية,2,2000000.0
919,26,21,BOUCHRAHIL,بوشراحيل,2,0.0
920,26,22,OULED HELLAL,أولاد ھلال,2,0.0
921,26,23,TAFRAOUT,تفراوت,2,0.0
922,26,24,BAATA,بعطة,2,1000000.0
923,26,25,BOGHAR,بوغار,2,0.0
924,26,26,SIDI NAAMANE,سيدي النعمان,2,0.0
925,26,27,OULED BOUACHRA,أولاد بوعشرة,2,0.0
926,26,28,SIDI ZAHAR,سيدي زھار,2,0.0
927,26,29,OUED HARBIL,وادى حربيل,2,129780000.0
928,26,30,BENCHICAO,بن شكاو,2,7000000.0
929,26,31,SIDI DAMED,سيدى دامد,1,0.0
930,26,32,AZIZ,عزيز,2,43920000.0
931,26,33,SOUAGUI,السواقى,2,9836000.0
932,26,34,ZOUBIRIA,الزبيرية,2,778649693.05
933,26,35,KSAR BOUKHARI,قصر البخارى,2,16039550.0
934,26,36,EL AZIZIA,الفزيزية,2,0.0
935,26,37,DJOUAB,جواب,2,14421400.0
936,26,38,CHAHBOUNIA,الشھبونية,1,0.0
937,26,39,MEGHRAOUA,مغراوة,2,0.0
938,26,40,CHENIGUEL,شنيقل,1,0.0
939,26,41,AIN OUKSIR,عين القصير,1,20265000.0
940,26,42,OUM DJALIL,أم الجليل,2,2145000.0
941,26,43,OUAMRI,عوامرى,2,20620000.0
942,26,44,SI MAHDJOUB,سى المحجوب,2,40770000.0
943,26,45,TLATET EDDOUAR,ثلاثة الدوار,2,1000000.0
944,26,46,BENI SLIMANE,بنى سليمان,2,5650000.0
945,26,47,BERROUAGHIA,البرواقية,2,124005460.0
946,26,48,SEGHOUANE,سغوان,2,38381120.0
947,26,49,MEFTAHA,مفتاحة,1,436158130.0
948,26,50,MIHOUB,ميھوب,2,0.0
949,26,51,BOUGHEZOUL,بوغزول,2,0.0
950,26,52,TABLAT,تابلاط,2,6500000.0
951,26,53,DEUX BASSINS,الحوضان,2,1560000.0
952,26,54,DRAA ESSAMAR,ذراع السمار,2,60884800.0
953,26,55,SIDI ERRABIA,سيدي الربيع,2,8500000.0
954,26,56,BIR BEN LAABED,بئر بن العابد,2,21225000.0
955,26,57,EL OUINET,العوينات,2,0.0
956,26,58,OULED ANTAR,أولاد عنتر,2,0.0
957,26,59,BOUAICHOUNE,بوعيشون,2,49726900.0
958,26,60,HANNACHA,حناشة,2,0.0
959,26,61,SEDRAIA,صدراية,2,4500000.0
960,26,62,MOUDJBAR,مجبر,2,0.0
961,26,63,KHAMS DJOUAMAA,خامس بوجمعة,2,168043250.0
962,26,64,SANEG,سانق,2,18000000.0
963,27,01,MOSTAGANEM,مستغانم,2,338240000.0
964,27,02,SAYADA,صيادة,2,3000000.0
965,27,03,FORNAKA,فرناكة,2,0.0
966,27,04,STIDIA,ستيدية,2,0.0
967,27,05,AIN NOUISSY,عين نويسى,2,1100000.0
968,27,06,HASI MAMECHE,حاسى معاش,2,0.0
969,27,07,AIN TEDLES,عين تادلس,2,0.0
970,27,08,SOUR,صور,2,0.0
971,27,09,OUED EL KHEIR,وادى الخير,2,0.0
972,27,10,SIDI BELATAR,سيدي بلعاتر,2,0.0
973,27,11,KHEIREDINE,خير الدين,2,0.0
974,27,12,SIDI ALI,سيدي على,2,1000000.0
975,27,13,ABDELMALEK RAMDANE,عبد المالك رمضان,2,0.0
976,27,14,HADJADJ,حجاج,2,0.0
977,27,15,NEKMARIA,نقمارية,4,0.0
978,27,16,SIDI LAKHDAR,سيدي لخضر,3,0.0
979,27,17,ACHAACHA,عشعاشة,4,0.0
980,27,18,KHADRA,خضراء,4,0.0
981,27,19,BOUGUIRAT,بوقيراط,2,0.0
982,27,20,SIRAT,سيرات,2,2000000.0
983,27,21,AIN S.CHERIF,عين سيدي الشريف,2,0.0
984,27,22,MESRA,ماسرة,2,0.0
985,27,23,MANSOURAH,منصورة,2,0.0
986,27,24,SOUAFLIA,السوافلية,2,1000000.0
987,27,25,OULED BOUGHALEM,أولاد بوغالم,4,0.0
988,27,26,OULED MAALEF,أولاد مع ﷲ,3,0.0
989,27,27,MAZAGRAN,مزغران,2,0.0
990,27,28,AIN BOUDINAR,عين بودينار,2,0.0
991,27,29,TAZGAIT,تزقايت,3,129780000.0
992,27,30,SAF SAF,صفصاف,2,7000000.0
993,27,31,TOUAHRIA,الطواھيرية,2,0.0
994,27,32,EL HASSIANE,الحسيان,2,43920000.0
995,28,01,M'SILA,المسيلة,1,338240000.0
996,28,02,MAADID,المعاضيد,2,3000000.0
997,28,03,HAMMAM DHALAA,حمام الضلعة,1,0.0
998,28,04,OULED DERRADJ,أولاد دراج,2,0.0
999,28,05,TARMOUNT,تارمونت,2,1100000.0
1000,28,06,MTARFA,المطارفة,2,0.0
1001,28,07,KHOUBANA,خبانة,1,0.0
1002,28,08,M'CIF,مسيف,1,0.0
1003,28,09,CHELLAL,شلال,1,0.0
1004,28,10,OULED MAHDI,أولاد ماضى,1,0.0
1005,28,11,MAGRA,مقرة,2,0.0
1006,28,12,BERHOUM,برھوم,2,1000000.0
1007,28,13,AIN KHADRA,عين خضراء,1,0.0
1008,28,14,OULED ADDI GUEBALA,أولاد عدى القبالة,1,0.0
1009,28,15,BELAIBA,بلعايبة,2,0.0
1010,28,16,SIDI AISSA,سيدي عيسى,1,0.0
1011,28,17,AIN EL HADJEL,عين الحجل,1,0.0
1012,28,18,SIDI HADJERES,سيدي ھجرس,1,0.0
1013,28,19,OUANOUGHA,ونوغة,2,0.0
1014,28,20,BOUSAADA,بوسعادة,1,2000000.0
1015,28,21,OULED SIDI BRAHIM,أولاد سيدي ابراھيم,1,0.0
1016,28,22,SIDI AMEUR,سيدي عامر,1,0.0
1017,28,23,TAMSA,تامسة,1,0.0
1018,28,24,BEN SROUR,بن سرور,1,1000000.0
1019,28,25,OULED SLIMANE,أولاد سليمان,1,0.0
1020,28,26,EL HOUAMED,الحوامد,1,0.0
1021,28,27,EL HAMEL,الھامل,1,0.0
1022,28,28,OULED MANSOUR,أولاد منصور,2,0.0
1023,28,29,MAARIF,المعاريف,1,129780000.0
1024,28,30,DEHAHNA,دھاھنة,1,7000000.0
1025,28,31,BOUTI SAYAH,بوطى السايح,1,0.0
1026,28,32,KHETTOUTI SED EL DJIR,خطوطي صجير,1,43920000.0
1027,28,33,ZARZOUR,الزرزور,1,9836000.0
1028,28,34,MOHAMED BOUDIAF,وادى الشعير,1,778649693.05
1029,28,35,BENZOUH,بن الزوه,1,16039550.0
1030,28,36,BIR FODA,بئر الفضة,1,0.0
1031,28,37,AIN FARES,عين فارس,1,14421400.0
1032,28,38,SIDI M'HAMED,سيدي محمد,1,0.0
1033,28,39,OULED ATIA,أولاد عطية,1,0.0
1034,28,40,SOUAMAA,الصوامع,1,0.0
1035,28,41,AIN EL MELH,عين الملح,1,20265000.0
1036,28,42,MEDJEDEL,مجدل,1,2145000.0
1037,28,43,SLIM,سليم,1,20620000.0
1038,28,44,AIN ERRICH,عين الريش,1,40770000.0
1039,28,45,BENI ILMANE,بنى يلمان,2,1000000.0
1040,28,46,OULTENE,ولتام,1,5650000.0
1041,28,47,DJEBEL MESSAAD,جبل مسعد,1,124005460.0
1042,29,01,MASCARA,معسكر,2,338240000.0
1043,29,02,BOU HANIFIA,بوحنيفية,1,3000000.0
1044,29,03,TIZI,تيزي,2,0.0
1045,29,04,HACINE,حسين,2,0.0
1046,29,05,MAOUSSA,معوسة,2,1100000.0
1047,29,06,TEGHENIF,تيغنيف,2,0.0
1048,29,07,EL HACHEM,الھاشم,1,0.0
1049,29,08,SIDI KADA,سيدي قادة,2,0.0
1050,29,09,ZELMATA,زلماطة,2,0.0
1051,29,10,OUED EL ABTAL,واد الابطال,1,0.0
1052,29,11,AIN FERAH,عين فراح,2,0.0
1053,29,12,GHRISS,غريس,1,1000000.0
1054,29,13,FROHA,فروحة,2,0.0
1055,29,14,MATEMORE,ماتي مور,2,0.0
1056,29,15,MAKDHA,مكضة,1,0.0
1057,29,16,SIDI BOUSSAID,سيدي بوسعيد,2,0.0
1058,29,17,EL BORDJ,البرج,2,0.0
1059,29,18,AIN FEKAN,عين فكان,2,0.0
1060,29,19,BENIAN,بنيان,1,0.0
1061,29,20,KHALOUIA,خالوفة,2,2000000.0
1062,29,21,EL MENAOUER,المنور,2,0.0
1063,29,22,OUED TARIA,واد التارية,1,0.0
1064,29,23,AOUF,عوف,1,0.0
1065,29,24,AIN FARES,عين فارس,1,1000000.0
1066,29,25,AIN FRASS,عين فراس,2,0.0
1067,29,26,SIG,سيق,2,0.0
1068,29,27,OGGAZ,عقاز,2,0.0
1069,29,28,ALAIMIA,علايمية,2,0.0
1070,29,29,EL GAADA,القعدة,2,129780000.0
1071,29,30,ZAHANA,زھانة,2,7000000.0
1072,29,31,MOHAMMADIA,المحمدية,2,0.0
1073,29,32,SIDI ABDELMOUMENE,سيدي عبد المومن,2,43920000.0
1074,29,33,FERRAGUIG,فرقيق,2,9836000.0
1075,29,34,EL GHOMRI,الغمري,2,778649693.05
1076,29,35,SEDJERARA,سجرارة,2,16039550.0
1077,29,36,MOCTA DOUZ,مقتادوز,2,0.0
1078,29,37,BOU HENNI,بوھاتي,2,14421400.0
1079,29,38,EL GUETTENA,قتنة,2,0.0
1080,29,39,EL MAMOUNIA,المامونية,2,0.0
1081,29,40,EL KEURT,الكورت,2,0.0
1082,29,41,GHARROUS,غروس,1,20265000.0
1083,29,42,GUERDJOUM,غرجوم,1,2145000.0
1084,29,43,CHORFA,شرفة,2,20620000.0
1085,29,44,RAS AIN AMIROUCHE,راس عين عميروش,2,40770000.0
1086,29,45,NESMOT,نصمت,1,1000000.0
1087,29,46,SIDI ABDELDJEBAR,سيدي عبد الجيار,2,5650000.0
1088,29,47,SEHAILIA,سحايلية,2,124005460.0
1089,30,01,OUARGLA,ورقلة,0.5,338240000.0
1090,30,02,AIN BEIDA,عين البيضاء,0.5,3000000.0
1091,30,03,N'GOUSSA,نقوسة,0.5,0.0
1092,30,04,HASSI MESSAOUD,حاسى مسعود,0.5,0.0
1093,30,05,ROUISSET,الرويسات,0.5,1100000.0
1094,30,06,BALIDAT AMEUR,بليدة عامر,0.5,0.0
1095,30,07,TEBESBEST,تيبسبست,0.5,0.0
1096,30,08,NEZLA,نزلة,0.5,0.0
1097,30,09,ZAOUIA EL ABIDIA,الزاوية العابدية,0.5,0.0
1098,30,10,SIDI SLIMANE,سيدي سليمان,0.5,0.0
1099,30,11,SIDI KHOUILED,سيدي خويلد,0.5,0.0
1100,30,12,HASSI BEN ABDELLAH,حاسي بن عبد ﷲ,0.5,1000000.0
1101,30,13,TOUGGOURT,توقرت,0.5,0.0
1102,30,14,EL HADJIRA,الحجيرة,0.5,0.0
1103,30,15,TAIBET,الطيبات,0.5,0.0
1104,30,16,TAMACINE,تماسين,0.5,0.0
1105,30,17,BENACEUR,بن ناصر,0.5,0.0
1106,30,18,M'NAGUER,المنقر,0.5,0.0
1107,30,19,MEGARINE,المقارين,0.5,0.0
1108,30,20,EL ALLIA,العالية,0.5,2000000.0
1109,30,21,EL BORMA,البرمة,0.5,0.0
1110,31,01,ORAN,وھران,2,338240000.0
1111,31,02,GDYEL,قديل,2,3000000.0
1112,31,03,BIR EL DJIR,بئر الجير,2,0.0
1113,31,04,HASSI BOUNIF,حاسي بونيف,2,0.0
1114,31,05,ES SENIA,السانية,2,1100000.0
1115,31,06,ARZEW,أرزيو,2,0.0
1116,31,07,BETHIOUA,بطيوة,2,0.0
1117,31,08,MARSAT EL HADJADJ,مرسى الحجاج,2,0.0
1118,31,09,AIN TURK,عين الترك,2,0.0
1119,31,10,EL ANCAR,العنصر,2,0.0
1120,31,11,OUED TLELAT,وادى تليلات,2,0.0
1121,31,12,TAFRAOUI,طفراوى,2,1000000.0
1122,31,13,SIDI CHAMI,سيدي الشحمى,2,0.0
1123,31,14,BOUFATIS,بوفتيس,2,0.0
1124,31,15,MERS EL KEBIR,المرسى الكبير,2,0.0
1125,31,16,BOUSFER,بوصفر,2,0.0
1126,31,17,EL KERMA,الكرمة,2,0.0
1127,31,18,EL BRAYA,البراية,2,0.0
1128,31,19,HASSI BEN OKBA,حاسى بن عقبة,2,0.0
1129,31,20,BENFREHA,بن فريحة,2,2000000.0
1130,31,21,HASSI MEFSOUKH,حاسى مفسوخ,2,0.0
1131,31,22,SIDI BEN YEBKA,سيدي بن يبقى,2,0.0
1132,31,23,MISSERGHIN,مسرغين,2,0.0
1133,31,24,BOUTLELIS,بوتليليس,2,1000000.0
1134,31,25,AIN KERMA,عين الكرمة,2,0.0
1135,31,26,AIN BIYA,عين البية,2,0.0
1136,32,01,EL BAYADH,البيض,0.5,338240000.0
1137,32,02,ROGASSA,روقاصة,0.5,3000000.0
1138,32,03,STITTEN,ستيتين,0.5,0.0
1139,32,04,BREZINA,بريزينة,0.5,0.0
1140,32,05,GHASSOUL,غسول,0.5,1100000.0
1141,32,06,BOUALEM,بوعلام,0.5,0.0
1142,32,07,EL ABIODH SIDI CHEIKH,الابيض سيدي الشيخ,0.5,0.0
1143,32,08,AIN EL ORAK,عين العراك,0.5,0.0
1144,32,09,ARBAOUAT,عرباوة,0.5,0.0
1145,32,10,BOUGTOUB,بوقطب,0.5,0.0
1146,32,11,EL KHEITER,الخيثر,0.5,0.0
1147,32,12,KEF LAHMAR,الكاف الاحمر,0.5,1000000.0
1148,32,13,BOUSSEMGHOUN,بوسمغون,0.5,0.0
1149,32,14,CHELLALA,شلالة,0.5,0.0
1150,32,15,KRAKDA,كراكدة,0.5,0.0
1151,32,16,EL BNOUD,البنود,0.5,0.0
1152,32,17,CHEGUIG,الشقيق,0.5,0.0
1153,32,18,SIDI AMAR,سيدي عامر,0.5,0.0
1154,32,19,MEHARA,المھارة,0.5,0.0
1155,32,20,TOUSMOULINE,توسمولين,0.5,2000000.0
1156,32,21,SIDI SLIMANE,سيدي سليمان,0.5,0.0
1157,32,22,SIDI TIFOUR,سيدي طيفور,0.5,0.0
1158,33,01,ILLIZI,ايليزى,0.5,338240000.0
1159,33,02,DJANET,جانت,0.5,3000000.0
1160,33,03,DEB DEB,دبداب,0.5,0.0
1161,33,04,BORDJ OMAR DRISS,برج عمر ادريس,0.5,0.0
1162,33,05,BORDJ EL HOUASSE,برج الحواس,0.5,1100000.0
1163,33,06,IN AMENAS,ان اميناس,0.5,0.0
1164,34,01,BORDJ BOU ARRERIDJ,برج بوعريرج,2,338240000.0
1165,34,02,RAS EL OUED,راس الواد,2,3000000.0
1166,34,03,BORDJ ZEMOURA,برج زمورة,2,0.0
1167,34,04,MANSOURA,منصورة,2,0.0
1168,34,05,EL M'HIR,المھير,2,1100000.0
1169,34,06,BEN DAOUD,بن داود,2,0.0
1170,34,07,EL ACHIR,العشير,2,0.0
1171,34,08,AIN TAGHROUT,عين تاغروت,2,0.0
1172,34,09,BORDJ GHEDIR,برج غدير,2,0.0
1173,34,10,SIDI EMBAREK,سيدي مبارك,2,0.0
1174,34,11,EL HAMADIA,الحمادية,2,0.0
1175,34,12,BELIMOUR,بليمور,2,1000000.0
1176,34,13,MEDJANA,مجانة,2,0.0
1177,34,14,TENIET EN NASR,ثنية النصر,2,0.0
1178,34,15,DJAAFRA,جعافرة,2,0.0
1179,34,16,EL MAIN,إلماين,2,0.0
1180,34,17,OULED BRAHIM,أولاد براھم,2,0.0
1181,34,18,OULED DAHMANE,أولاد دحمان,2,0.0
1182,34,19,HASNAOUA,حسناوة,2,0.0
1183,34,20,KHELIL,خليل,2,2000000.0
1184,34,21,TAGLAIT,تقلايت,2,0.0
1185,34,22,KSOUR,القصور,2,0.0
1186,34,23,OULED SIDI BRAHIM,ولاد سيدي براھيم,2,0.0
1187,34,24,TAFREG,تفرق,2,1000000.0
1188,34,25,COLLA,قلة,2,0.0
1189,34,26,TIXTER,تقصطر,2,0.0
1190,34,27,EL ACH,العش,2,0.0
1191,34,28,EL ANCEUR,العنصر,2,0.0
1192,34,29,TESMART,تسمارت,2,129780000.0
1193,34,30,AIN TESRA,عين تسرة,2,7000000.0
1194,34,31,BIR KASDALI,بئر قصدالي,2,0.0
1195,34,32,GHILASSA,الغسالة,2,43920000.0
1196,34,33,RABTA,الرابطة,2,9836000.0
1197,34,34,HARAZA,الحرازة,2,778649693.05
1198,35,01,BOUMERDES,بومرداس,4,338240000.0
1199,35,02,BOUDOUAOU,بودواو,4,3000000.0
1200,35,04,AFIR,أفير,3,0.0
1201,35,05,BORDJ MENAIEL,برج منايل,3,1100000.0
1202,35,06,BAGHLIA,بغلية,3,0.0
1203,35,07,SIDI DAOUD,سيدي داود,4,0.0
1204,35,08,NACIRIA,الناصرية,3,0.0
1205,35,09,DJINET,جينات,4,0.0
1206,35,10,ISSER,يسر,3,0.0
1207,35,11,ZEMMOURI,زموري,4,0.0
1208,35,12,SI MUSTAPHA,سي مصطفى,4,1000000.0
1209,35,13,TIDJELABINE,تيجلبين,4,0.0
1210,35,14,CHAABET EL AMEUR,شعبة العامر,2,0.0
1211,35,15,THENIA,الثنية,4,0.0
1212,35,18,TIMEZRIT,تمزريت,2,0.0
1213,35,19,CORSO,قورسو,4,0.0
1214,35,20,OULED MOUSSA,أولاد موسى,3,2000000.0
1215,35,21,LARBATACHE,الأربعطاش,3,0.0
1216,35,22,BOUZEGZA KEDARA,بوزرقزق قدارة,3,0.0
1217,35,25,TAOURGA,تورقة,3,0.0
1218,35,26,OULED AISSA,أولاد عيسى,4,0.0
1219,35,27,BENCHOUD,بن شود,3,0.0
1220,35,28,DELLYS,دلس,4,0.0
1221,35,29,AMMAL,عمال,2,129780000.0
1222,35,30,BENI AMRANE,بنى عمران,3,7000000.0
1223,35,31,SOUK EL HAD,سوق الحد,3,0.0
1224,35,32,BOUDOUAOU EL BAHRI,بودودو البحرى,4,43920000.0
1225,35,33,OULED HEDADJ,أولاد ھداج,4,9836000.0
1226,35,35,LEGHATA,لقاطة,4,16039550.0
1227,35,36,HAMMEDI,حمادى,4,0.0
1228,35,37,KHEMIS EL KHECHNA,خميس الخشنة,3,14421400.0
1229,35,38,EL KHARROUBA,الخروبة,3,0.0
1230,36,01,EL TARF,الطارف,2,338240000.0
1231,36,02,BOU HADJAR,بوحجار,2,3000000.0
1232,36,03,BEN M'HIDI,بن مھيدى,2,0.0
1233,36,04,BOUGOUS,بوقوس,2,0.0
1234,36,05,EL KALA,القالة,2,1100000.0
1235,36,06,AIN EL ASSEL,عين العسل,2,0.0
1236,36,07,EL AIOUN,العيون,2,0.0
1237,36,08,BOUTELDJA,بوثلجة,2,0.0
1238,36,09,SOUAREKH,السوارخ,2,0.0
1239,36,10,BERRIHANE,برحان,2,0.0
1240,36,11,LAC DES OISEAUX,بحيرة الطيور,2,0.0
1241,36,12,CHEFIA,الشافية,2,1000000.0
1242,36,13,DREAN,الذرعان,2,0.0
1243,36,14,CHIHANI,شھانى,2,0.0
1244,36,15,CHEBAITA MOKHTAR,شبايطة مختار,2,0.0
1245,36,16,BESBES,البسباس,2,0.0
1246,36,17,ASFOUR,عصفور,2,0.0
1247,36,18,BENI AMAR,الشط,2,0.0
1248,36,19,ZERIZER,زريزر,2,0.0
1249,36,20,ZITOUNA,الزيتونة,2,2000000.0
1250,36,21,AIN KERMA,عين الكرمة,2,0.0
1251,36,22,OUED ZITOUN,وادى الزيتون,2,0.0
1252,36,23,HAMMAM BENI SALAH,حمام بنى صالح,2,0.0
1253,36,24,RAML SOUK,رمل سوق,2,1000000.0
1254,37,01,TINDOUF,تندوف,0.5,338240000.0
1255,37,02,OUM EL ASSEL,أم العسل,0.5,3000000.0
1256,38,01,TISSEMSSILT,تيسمسيلت,2,338240000.0
1257,38,02,BORDJ BOU NAAMA,برج بونعامة,2,3000000.0
1258,38,03,THENIET HAD,ثنية الاحد,2,0.0
1259,38,04,LAZHARIA,الازھرية,2,0.0
1260,38,05,BENI CHAIB,بنى شعيب,2,1100000.0
1261,38,06,LARDJEM,الارجم,2,0.0
1262,38,07,MELAAB,ملعب,2,0.0
1263,38,08,SIDI LANTRI,سيدي العنترى,2,0.0
1264,38,09,BORDJ EMIR AEK,برج الامير عبد القادر,2,0.0
1265,38,10,LAAYOUNE,العيون,2,0.0
1266,38,11,KHEMISTI,خميستى,2,0.0
1267,38,12,OULED BESSEM,أولاد بسام,2,1000000.0
1268,38,13,AMMARI,عمارى,2,0.0
1269,38,14,YOUSSOUFIA,اليوسوفية,2,0.0
1270,38,15,SIDI BOUTOUCHENT,سيدي بوتوشنت,2,0.0
1271,38,16,LARBAA,الاربعاء,2,0.0
1272,38,17,MAACEM,المعاصم,2,0.0
1273,38,18,SIDI ABED,سيدي عابد,2,0.0
1274,38,19,TAMELLAHT,تاملاحت,2,0.0
1275,38,20,SIDI SLIMANE,سيدي سليمان,2,2000000.0
1276,38,21,BOUCAID,بوقايد,2,0.0
1277,38,22,BENI LAHCENE,بنى لحسن,2,0.0
1278,39,01,EL OUED,الوادى,0.5,338240000.0
1279,39,02,ROBBAH,ذباح,0.5,3000000.0
1280,39,03,OUED ALENDA,وادى العلندة,0.5,0.0
1281,39,04,BAYADHA,البياضة,0.5,0.0
1282,39,05,NEKHLA,النخلة,0.5,1100000.0
1283,39,06,GUEMAR,قمار,0.5,0.0
1284,39,07,KOUININE,كوينين,0.5,0.0
1285,39,08,REGUIBA,الرقيبة,0.5,0.0
1286,39,09,HAMRAYA,عمراية,0.5,0.0
1287,39,10,TAGHZOUT,تاغزوت,0.5,0.0
1288,39,11,DEBILA,الدبيلة,0.5,0.0
1289,39,12,HASSANI ABDELKRIM,حسنى عبد الكريم,0.5,1000000.0
1290,39,13,HASI KHELIFA,قاسى خليفة,0.5,0.0
1291,39,14,TALEB LARBI,طالب العربي,0.5,0.0
1292,39,15,DOUAR EL MA,دوار الماء,0.5,0.0
1293,39,16,SIDI AOUN,سيدي عون,0.5,0.0
1294,39,17,TRIFAOU,تريفاوى,0.5,0.0
1295,39,18,MAGRANE,مقران,0.5,0.0
1296,39,19,BEN GHECHA,بنى قشة,0.5,0.0
1297,39,20,OURMES,أورماس,0.5,2000000.0
1298,39,21,STIL,سطيل,0.5,0.0
1299,39,22,M'RARA,مرارة,0.5,0.0
1300,39,23,SIDI KHELIL,سيدي خليل,0.5,0.0
1301,39,24,TINDELA,تندلة,0.5,1000000.0
1302,39,25,EL OGLA,العقلة,0.5,0.0
1303,39,26,MIH OUENSA,ميه ونسى,0.5,0.0
1304,39,27,EL MEGHAIR,المغير,0.5,0.0
1305,39,28,DJAMAA,جامعة,0.5,0.0
1306,39,29,OUM TIOUR,أم الطيور,0.5,129780000.0
1307,39,30,SIDI AMRANE,سيدي عمران,0.5,7000000.0
1308,40,01,KHENCHELA,خنشلة,1,338240000.0
1309,40,02,M'TOUSSA,متوسة,1,3000000.0
1310,40,03,KAIS,قايس,1,0.0
1311,40,04,BAGHAI,بغاى,1,0.0
1312,40,05,EL HAMMA,الحامة,1,1100000.0
1313,40,06,AIN TOUILA,عين الطويلة,1,0.0
1314,40,07,TAOUZIANA,تاوزيانات,1,0.0
1315,40,08,BOUHMAMA,بوحمامة,1,0.0
1316,40,09,EL OULDJA,الولجة,1,0.0
1317,40,10,REMILA,الرميلة,1,0.0
1318,40,11,CHECHAR,ششار,1,0.0
1319,40,12,DJELLAL,جلال,1,1000000.0
1320,40,13,BABAR,بابار,1,0.0
1321,40,14,TAMSA,تامزة,1,0.0
1322,40,15,ENSIGHA,انسيغة,1,0.0
1323,40,16,OULED RECHACHE,أولاد رشاش,1,0.0
1324,40,17,MAHMEL,المحمل,1,0.0
1325,40,18,MSARA,أمصارة,1,0.0
1326,40,19,YABOUS,يابوس,1,0.0
1327,40,20,KHIRANE,خيران,1,2000000.0
1328,40,21,CHELIA,شلية,1,0.0
1329,41,01,SOUK AHRAS,سوق أھراس,1,338240000.0
1330,41,02,SEDRATA,سدراتة,1,3000000.0
1331,41,03,HANANCHA,الحنانشة,1,0.0
1332,41,04,MECHROHA,المشروخة,1,0.0
1333,41,05,OULED DRISS,أولاد ادريس,1,1100000.0
1334,41,06,TIFFECHE,تيفاش,1,0.0
1335,41,07,ZAAROURIA,الزعرورية,1,0.0
1336,41,08,TAOURA,تاورة,1,0.0
1337,41,09,DREA,الدريعة,1,0.0
1338,41,10,HADDADA,الحدادة,1,0.0
1339,41,11,KHEDARA,لخضارة,1,0.0
1340,41,12,MERAHNA,المرھنة,1,1000000.0
1341,41,13,OULED MOUMEN,أولاد مؤمن,1,0.0
1342,41,14,BIR BOUHOUCHE,بئر بوحوش,1,0.0
1343,41,15,M'DAOUROUCH,مداوروش,1,0.0
1344,41,16,OUM EL ADHAIM,أم الغظائم,1,0.0
1345,41,17,AIN ZANA,عين الزانة,1,0.0
1346,41,18,AIN SOLTANE,عين السلطان,1,0.0
1347,41,19,OUILLEN,ويلان,1,0.0
1348,41,20,SIDI FREDJ,سيدي فرج,1,2000000.0
1349,41,21,SAFEL EL OUIDEN,سافل الويدان,1,0.0
1350,41,22,RAGOUBA,الرقوبة,1,0.0
1351,41,23,KHEMISSA,خميسة,1,0.0
1352,41,24,OUED KEBERIT,وادى الكبريت,1,1000000.0
1353,41,25,TERRAGUELIT,ترقالت,1,0.0
1354,41,26,ZOUABI,الزوابى,1,0.0
1355,42,01,TIPAZA,تيبازة,4,338240000.0
1356,42,02,MENACEUR,مناصرة,4,3000000.0
1357,42,03,LARHAT,الأرھاط,4,0.0
1358,42,04,DOUAOUDA,دواودة,4,0.0
1359,42,05,BOURKIKA,بورقيقة,4,1100000.0
1360,42,06,KHEMISTI,خميستي,4,0.0
1361,42,10,AGHBAL,أغابال,4,0.0
1362,42,12,HADJOUT,حجوط,4,1000000.0
1363,42,13,SIDI AMAR,سيدي عمر,4,0.0
1364,42,14,GOURAYA,قوراية,4,0.0
1365,42,15,NADOR,الناظور,4,0.0
1366,42,16,CHAIBA,الشعيبة,4,0.0
1367,42,17,AIN TAGOURAIT,عين تقورايت,4,0.0
1368,42,22,CHERCHELL,شرشال,4,0.0
1369,42,23,DAMOUS,الداموس,4,0.0
1370,42,24,MERAD,مراد,4,1000000.0
1371,42,25,FOUKA,فوكة,4,0.0
1372,42,26,BOU ISMAIL,بواسماعيل,4,0.0
1373,42,27,AHMER EL AIN,أحمر العين,4,0.0
1374,42,30,BOUHAROUN,بوھارون,4,7000000.0
1375,42,32,SIDI GHILES,سيدي غيلاس,4,43920000.0
1376,42,33,MESSELMOUN,مسلمون,4,9836000.0
1377,42,34,SIDI RACHED,سيدي راشد,4,778649693.05
1378,42,35,KOLEA,القليعة,4,16039550.0
1379,42,36,ATTATBA,الحطاطبة,4,0.0
1380,42,40,SIDI SEMIANE,سيدي سميان,4,0.0
1381,42,41,BENI MILLEUK,بني ملوك,4,20265000.0
1382,42,42,HADJERET ENNOUS,حجرة النص,4,2145000.0
1383,43,01,MILA,ميلة,2,338240000.0
1384,43,02,FERDJIOUA,فرجيوة,2,3000000.0
1385,43,03,CHELGHOUM LAID,شلغوم العيد,2,0.0
1386,43,04,OUED ATHMANIA,وادي العثمانية,2,0.0
1387,43,05,AIN MELLOUK,عين ملوك,2,1100000.0
1388,43,06,TELERGHEMA,ثلارغمة,2,0.0
1389,43,07,OUED SEGUEN,وادى سقن,2,0.0
1390,43,08,TADJENANET,تاجنانت,2,0.0
1391,43,09,BENYAHIA ABDERAHMANE,بن يحي .ع. رحمان,2,0.0
1392,43,10,OUED ENDJA,وادى عنجة,2,0.0
1393,43,11,AHMED RACHEDI,أحمد راشد,2,0.0
1394,43,12,OULED KHALOUF,أولاد خلوف,2,1000000.0
1395,43,13,TIBERGUENT,تيبرقنت,2,0.0
1396,43,14,BOUHATEM,بوحاتم,2,0.0
1397,43,15,ROUACHED,رواشد,2,0.0
1398,43,16,TESSALA LEMTAI,تسالة لمطاي,2,0.0
1399,43,17,GRAREM GOUGA,قرام قوقة,2,0.0
1400,43,18,SIDI MEROUANE,سيدي مروان,2,0.0
1401,43,19,TASSADANE HADDADA,تسادان حدادة,2,0.0
1402,43,20,DERADJI BOUS.,دراجى بوصلاح,2,2000000.0
1403,43,21,MINAR ZARZA,مينار زرزة,2,0.0
1404,43,22,AMIRA ARRAS,عميرة أراس,2,0.0
1405,43,23,TERAI BAINEN,ترعى بينان,2,0.0
1406,43,24,HAMALA,حمالة,2,1000000.0
1407,43,25,AIN TINN,عين التين,2,0.0
1408,43,26,EL MECHIRA,المشيرة,2,0.0
1409,43,27,SIDI KHELIFA,سيدي خليفة,2,0.0
1410,43,28,ZEGHAIA,الزغاية,2,0.0
1411,43,29,EL AYADI BARBES,العياضى برباس,2,129780000.0
1412,43,30,AIN BEIDA.HAR,عين البيضاء حريش,2,7000000.0
1413,43,31,YAHIA BENI GUECHA,يحيى بنى قشة,2,0.0
1414,43,32,CHIGARA,الشيقارة,2,43920000.0
1415,44,01,AIN DEFLA,عين الدفلى,3,338240000.0
1416,44,02,MILIANA,مليانة,2,3000000.0
1417,44,03,BOU MEDFAA,بومدفع,3,0.0
1418,44,04,KHEMIS MILIANA,خميس مليانة,2,0.0
1419,44,05,HAMMAM RIGHA,حمام ريغة,3,1100000.0
1420,44,06,ARIB,عريب,3,0.0
1421,44,07,DJELIDA,جليدة,2,0.0
1422,44,08,EL AMRA,العامرة,3,0.0
1423,44,09,BOURACHED,بوراشد,2,0.0
1424,44,10,EL ATTAF,العطاف,4,0.0
1425,44,11,EL ABADIA,العبادية,4,0.0
1426,44,12,DJENDEL,جندل,2,1000000.0
1427,44,13,OUED CHEURFA,وادى الشرفاء,2,0.0
1428,44,14,AIN LECHIAKH,عين الاشياخ,2,0.0
1429,44,15,OUED DJEMAA,وادى جمعة,2,0.0
1430,44,16,ROUINA,روينة,3,0.0
1431,44,17,ZEDDINE,زدين,3,0.0
1432,44,18,HASSANIA,الحسنية,2,0.0
1433,44,19,BIR OULED KHELIFA,بئر أولاد خليفة,2,0.0
1434,44,20,AIN SOLTANE,عين السلطان,2,2000000.0
1435,44,21,TARIK IBN ZIAD,طارق بن زياد,2,0.0
1436,44,22,BORDJ EMIR KHALED,برج الامير خالد,2,0.0
1437,44,23,AIN TORKI,عين التركى,3,0.0
1438,44,24,SIDI LAKHDAR,سيدي الاخضر,2,1000000.0
1439,44,25,BEN ALLEL,بن علال,2,0.0
1440,44,26,AIN BENIAN,عين البنيان,3,0.0
1441,44,27,HOCEINIA,حسينية,3,0.0
1442,44,28,BIRBOUCHE,بربوش,2,0.0
1443,44,29,DJEMAA OULED CHEIKH,جمعة أولاد الشيخ,2,129780000.0
1444,44,30,MEKHATRIA,المختارية,3,7000000.0
1445,44,31,BATHIA,بطحية,2,0.0
1446,44,32,TACHETA ZEGAGHA,تاشتة زقاغة,4,43920000.0
1447,44,33,AIN BOUYAHIA,عين بويحى,4,9836000.0
1448,44,34,EL MAINE,الماين,2,778649693.05
1449,44,35,TIBERKANINE,تبركانين,3,16039550.0
1450,44,36,BELAAS,بالعاص,2,0.0
1451,45,01,NAAMA,النعامة,0.5,338240000.0
1452,45,02,MECHERIA,مشرية,0.5,3000000.0
1453,45,03,AIN SEFRA,عين الصفراء,0.5,0.0
1454,45,04,TIOUT,تيوت,0.5,0.0
1455,45,05,SFISSIFA,سفيسيفة,0.5,1100000.0
1456,45,06,MOGHRAR,مغرار,0.5,0.0
1457,45,07,ASLA,عسلة,0.5,0.0
1458,45,08,DJENIEN BOURZEG,جنين بورزق,0.5,0.0
1459,45,09,AIN BEN KHELIL,عين بن خليل,0.5,0.0
1460,45,10,MAK.BEN AMAR,مكمن بن عمر,0.5,0.0
1461,45,11,KASDIR,قصدير,0.5,0.0
1462,45,12,EL BIODH,البيوض,0.5,1000000.0
1463,46,01,AIN TEMOUCHENT,عين تموشنت,2,338240000.0
1464,46,02,CHAABET EL HAM,شعبة اللحم,2,3000000.0
1465,46,03,AIN KIHAL,عين الكيحل,2,0.0
1466,46,04,HAMMAM BOUHADJAR,حمام بو حجر,2,0.0
1467,46,05,BOUZEDJAR,بوزجار,2,1100000.0
1468,46,06,OUED BERKECHE,وادى برقش,2,0.0
1469,46,07,AGHLAL,أغلال,2,0.0
1470,46,08,TERGA,تارقة,2,0.0
1471,46,09,AIN EL ARBAA,عين الاربعاء,2,0.0
1472,46,10,TAMZOURA,تامزورة,2,0.0
1473,46,11,CHENTOUF,شنتوف,2,0.0
1474,46,12,SIDI BEN ADDA,سيدي بن عدة,2,1000000.0
1475,46,13,AOUBELIL,عقب الليل,2,0.0
1476,46,14,EL MALAH,المالح,2,0.0
1477,46,15,SIDI BOUMEDIENE,سيدي بومدين,2,0.0
1478,46,16,OUED SABAH,وادى الصباح,2,0.0
1479,46,17,OULED BOUDJEMAA,أولاد بوجمعة,2,0.0
1480,46,18,AIN TOLBA,عين الطلبة,2,0.0
1481,46,19,EL AMRIA,العامرية,2,0.0
1482,46,20,HASSI EL GHELLA,حاسى الغلة,2,2000000.0
1483,46,21,HASSASSNA,الحساسنة,2,0.0
1484,46,22,OULED KIHAL,أولاد دكجال,2,0.0
1485,46,23,BENI SAF,بني صاف,2,0.0
1486,46,24,SIDI SAFI,أولحسة,2,1000000.0
1487,46,25,OULHACA GHERABA,الغرابة,2,0.0
1488,46,26,TADMAYA,تادماى,2,0.0
1489,46,27,EL EMIR ABDELKADER,الأمير عبد القادر,2,0.0
1490,46,28,EL MESSAID,المساعد,2,0.0
1491,47,01,GHARDAIA,غرداية,0.5,338240000.0
1492,47,02,EL MENIAA,المنيعة,0.5,3000000.0
1493,47,03,DHAYET BENDH.,ضيعة بن دھاھوة,0.5,0.0
1494,47,04,BERRIANE,بريان,0.5,0.0
1495,47,05,METLILI,متليلي,0.5,1100000.0
1496,47,06,EL GUERRARA,القرارة,0.5,0.0
1497,47,07,EL ATTEUF,العطاف,0.5,0.0
1498,47,08,ZELFANA,زلفلنة,0.5,0.0
1499,47,09,SEBSEB,سبسب,0.5,0.0
1500,47,10,BOUNOURA,بونورة,0.5,0.0
1501,47,11,HASSI FEHAL,حاسي فحال,0.5,0.0
1502,47,12,HASSI GARA,حاسي قارة,0.5,1000000.0
1503,47,13,MANSOURA,منصورة,0.5,0.0
1504,48,01,RELIZANE,غليزان,3,338240000.0
1505,48,02,OUED RHIOU,وادى رھيو,4,3000000.0
1506,48,03,BELAASEL BOUZEGZA,بلعسل بوزقزة,3,0.0
1507,48,04,SIDI SAADA,سيدي سعادة,3,0.0
1508,48,05,OULED AICH,أولاد يعيش,3,1100000.0
1509,48,06,SIDI LAZREG,سيدي لزرق,3,0.0
1510,48,07,EL H'MADNA,الحمدانة,3,0.0
1511,48,08,SIDI M'HAMED BEN ALI,سيدي امحمد بن علي,3,0.0
1512,48,09,MEDIOUNA,مديونة,0.5,0.0
1513,48,10,SIDI KHETAB,سيدي خطاب,3,0.0
1514,48,11,AMMI MOUSSA,عمي موسى,3,0.0
1515,48,12,ZEMMOURA,زمورة,3,1000000.0
1516,48,13,BENI DERGOUN,بني درقون,3,0.0
1517,48,14,DJIDIOUIA,جيديوة,4,0.0
1518,48,15,EL GUETTAR,القطارة,0.5,0.0
1519,48,16,EL HAMRI,الحمري,4,0.0
1520,48,17,EL MATMAR,المطمار,3,0.0
1521,48,18,SIDI M'HAMED BEN AOUDA,سيدي بن عودة,3,0.0
1522,48,19,AIN TARIK,عين طارق,3,0.0
1523,48,20,OUED ESSALEM,وادى السلام,3,2000000.0
1524,48,21,OUARIZANE,وزيزان,4,0.0
1525,48,22,MAZOUNA,مازونة,0.5,0.0
1526,48,23,KALAA,قلعة,3,0.0
1527,48,24,AIN RAHMA,عين الرحمة,3,1000000.0
1528,48,25,YELLEL,يلال,3,0.0
1529,48,26,OUED EL DJEMAA,وادى الجمعة,3,0.0
1530,48,27,RAMKA,رمقة,3,0.0
1531,48,28,MENDES,مندس,3,0.0
1532,48,29,LAHLEF,لحلف,3,129780000.0
1533,48,30,BENI ZENTIS,بني زنتيس,4,7000000.0
1534,48,31,SOUK EL HAAD,سوق الحد,3,0.0
1535,48,32,DAR BEN ABDELAH,دراع بن عبد ﷲ,3,43920000.0
1536,48,33,EL HASSI,الحاسى,3,9836000.0
1537,48,34,HAD ECHEKALLA,حد الشقالة,3,778649693.05
1538,48,35,BEN DAOUD,بن داود,3,16039550.0
1539,48,36,EL OULDJA,العلجة,3,0.0
1540,48,37,MERDJA SIDI ABED,مرجة سيدي عابد,4,14421400.0
1541,48,38,OULED SIDI MIHOUB,أولاد سيدي ميھوب,3,0.0